experiment_id,finetune_type,num_epochs,defense_type,train_acc,val_acc,elapsed_time,mia_conf_threshold_acc,mia_conf_threshold_adv,mia_logits_threshold_acc,mia_logits_threshold_adv,mia_modified_entropy_acc,mia_modified_entropy_adv,mia_avg_acc,adv_benign_acc,adv_robust_acc,adv_drop,param_scale,param_sigma,param_num_augmentations,param_temp,param_top_k,param_hard_label,param_alpha
BASIC_ep1_none_,BASIC,1,none,0.95935,0.8752,82.65798807144165,0.5,0.0,0.5,0.0,0.5732421875,0.14648437499997136,0.5244140625,0.9425,0.345,0.5975,,,,,,,
BASIC_ep1_output_perturbation_scale0.05,BASIC,1,output_perturbation,0.95835,0.8728,2.0009584426879883,0.5,0.0,0.5,0.0,0.5712890625,0.14257812499997213,0.5237630208333334,0.935,0.35,0.5850000000000001,0.05,,,,,,
BASIC_ep1_output_perturbation_scale0.1,BASIC,1,output_perturbation,0.9613,0.874,1.5019989013671875,0.5,0.0,0.5,0.0,0.5673828125,0.1347656249999737,0.5224609375,0.95,0.37,0.58,0.1,,,,,,
BASIC_ep1_output_perturbation_scale0.2,BASIC,1,output_perturbation,0.9583,0.872,1.507659912109375,0.5,0.0,0.5,0.0,0.56640625,0.13281249999997402,0.5221354166666666,0.95,0.33,0.6199999999999999,0.2,,,,,,
BASIC_ep1_output_perturbation_scale0.3,BASIC,1,output_perturbation,0.95735,0.8726,1.5032660961151123,0.5,0.0,0.5,0.0,0.5771484375,0.1542968749999699,0.5257161458333334,0.95,0.375,0.575,0.3,,,,,,
BASIC_ep1_output_perturbation_scale0.5,BASIC,1,output_perturbation,0.94915,0.86,1.5904521942138672,0.5,0.0,0.5,0.0,0.5830078125,0.16601562499996747,0.5276692708333334,0.9225,0.3925,0.53,0.5,,,,,,
BASIC_ep1_input_perturbation_sigma0.01,BASIC,1,input_perturbation,0.9597,0.8726,1.51474928855896,0.5,0.0,0.5,0.0,0.5712890625,0.14257812499997213,0.5237630208333334,0.9425,0.375,0.5675,,0.01,,,,,
BASIC_ep1_input_perturbation_sigma0.05,BASIC,1,input_perturbation,0.9595,0.8726,1.496443748474121,0.5,0.0,0.5,0.0,0.5771484375,0.1542968749999698,0.5257161458333334,0.9375,0.4025,0.5349999999999999,,0.05,,,,,
BASIC_ep1_input_perturbation_sigma0.1,BASIC,1,input_perturbation,0.94135,0.8556,1.4861252307891846,0.5,0.0,0.5,0.0,0.5771484375,0.1542968749999699,0.5257161458333334,0.9125,0.5875,0.32499999999999996,,0.1,,,,,
BASIC_ep1_input_perturbation_sigma0.2,BASIC,1,input_perturbation,0.8061,0.7418,1.4888505935668945,0.5,0.0,0.5,0.0,0.5322265625,0.06445312499998745,0.5107421875,0.7975,0.5625,0.235,,0.2,,,,,
BASIC_ep1_input_perturbation_sigma0.5,BASIC,1,input_perturbation,0.34195,0.3376,1.51289701461792,0.5,0.0,0.5,0.0,0.49609375,-0.007812499999998501,0.4986979166666667,0.345,0.28,0.06499999999999995,,0.5,,,,,
BASIC_ep1_input_perturbation_sigma1.0,BASIC,1,input_perturbation,0.15705,0.1652,1.572808027267456,0.5,0.0,0.5,0.0,0.49609375,-0.0078124999999984734,0.4986979166666667,0.155,0.1425,0.012500000000000011,,1.0,,,,,
BASIC_ep1_test_time_augmentation_num_augmentations1,BASIC,1,test_time_augmentation,0.89905,0.8124,3.124020576477051,0.5,0.0,0.5,0.0,0.578125,0.15624999999996947,0.5260416666666666,0.8575,0.785,0.07250000000000001,,,1.0,,,,
BASIC_ep1_test_time_augmentation_num_augmentations3,BASIC,1,test_time_augmentation,0.93975,0.8546,2.0930697917938232,0.5,0.0,0.5,0.0,0.591796875,0.18359374999996414,0.5305989583333334,0.9325,0.675,0.25749999999999995,,,3.0,,,,
BASIC_ep1_test_time_augmentation_num_augmentations5,BASIC,1,test_time_augmentation,0.94455,0.859,2.677558660507202,0.5,0.0,0.5,0.0,0.59765625,0.19531249999996192,0.5325520833333334,0.9325,0.7525,0.18000000000000005,,,5.0,,,,
BASIC_ep1_test_time_augmentation_num_augmentations7,BASIC,1,test_time_augmentation,0.94965,0.8652,3.2579338550567627,0.5,0.0,0.5,0.0,0.6005859375,0.2011718749999607,0.5335286458333334,0.925,0.77,0.15500000000000003,,,7.0,,,,
BASIC_ep1_test_time_augmentation_num_augmentations10,BASIC,1,test_time_augmentation,0.95315,0.867,4.117974758148193,0.5,0.0,0.5,0.0,0.5966796875,0.19335937499996225,0.5322265625,0.9225,0.675,0.24749999999999994,,,10.0,,,,
BASIC_ep1_temperature_scaled_temp1.0,BASIC,1,temperature_scaled,0.9603,0.8774,1.512237548828125,0.5,0.0,0.5,0.0,0.5595703125,0.11914062499997669,0.5198567708333334,0.935,0.3575,0.5775000000000001,,,,1.0,,,
BASIC_ep1_temperature_scaled_temp1.5,BASIC,1,temperature_scaled,0.9604,0.8728,1.5153672695159912,0.5,0.0,0.5,0.0,0.6279296875,0.25585937499995,0.5426432291666666,0.945,0.3625,0.5825,,,,1.5,,,
BASIC_ep1_temperature_scaled_temp2.0,BASIC,1,temperature_scaled,0.95705,0.8728,1.5793836116790771,0.5,0.0,0.5,0.0,0.5048828125,0.009765624999998092,0.5016276041666666,0.945,0.385,0.5599999999999999,,,,2.0,,,
BASIC_ep1_temperature_scaled_temp3.0,BASIC,1,temperature_scaled,0.9557,0.8712,1.49440598487854,0.5,0.0,0.5,0.0,0.5,0.0,0.5,0.9425,0.41,0.5325,,,,3.0,,,
BASIC_ep1_temperature_scaled_temp5.0,BASIC,1,temperature_scaled,0.95555,0.874,1.5147829055786133,0.5,0.0,0.5,0.0,0.5,0.0,0.5,0.945,0.3825,0.5625,,,,5.0,,,
BASIC_ep1_temperature_scaled_temp10.0,BASIC,1,temperature_scaled,0.9597,0.8738,1.4792566299438477,0.5,0.0,0.5,0.0,0.5,0.0,0.5,0.9375,0.3675,0.5700000000000001,,,,10.0,,,
BASIC_ep1_response_limited_topk_top_k1,BASIC,1,response_limited_topk,0.95755,0.8726,2.7706806659698486,0.5,0.0,0.5,0.0,0.5,0.0,0.5,0.935,0.3775,0.5575000000000001,,,,,1.0,,
BASIC_ep1_response_limited_topk_top_k2,BASIC,1,response_limited_topk,0.9589,0.874,2.651163101196289,0.5,0.0,0.5,0.0,0.5,0.0,0.5,0.9325,0.3575,0.575,,,,,2.0,,
BASIC_ep1_response_limited_topk_top_k3,BASIC,1,response_limited_topk,0.95975,0.8736,1.5112953186035156,0.5,0.0,0.5,0.0,0.5263671875,0.052734374999989675,0.5087890625,0.9375,0.3525,0.585,,,,,3.0,,
BASIC_ep1_response_limited_topk_top_k4,BASIC,1,response_limited_topk,0.95715,0.8728,1.5814769268035889,0.5,0.0,0.5,0.0,0.5390625,0.07812499999998468,0.5130208333333334,0.9325,0.395,0.5375,,,,,4.0,,
BASIC_ep1_response_limited_topk_top_k5,BASIC,1,response_limited_topk,0.95825,0.8716,1.508289098739624,0.5,0.0,0.5,0.0,0.5517578125,0.10351562499997968,0.5172526041666666,0.95,0.3525,0.5974999999999999,,,,,5.0,,
BASIC_ep1_response_limited_hard_hard_labelTrue,BASIC,1,response_limited_hard,0.9578,0.8736,1.5610311031341553,0.5,0.0,0.5,0.0,0.5,0.0,0.5,0.9325,0.385,0.5475,,,,,,True,
BASIC_ep1_adaptive_noise_alpha0.1,BASIC,1,adaptive_noise,0.9541,0.8698,1.512512445449829,0.5,0.0,0.5,0.0,0.5654296875,0.13085937499997435,0.5218098958333334,0.945,0.4025,0.5425,,,,,,,0.1
BASIC_ep1_adaptive_noise_alpha0.3,BASIC,1,adaptive_noise,0.95805,0.8746,1.5024034976959229,0.5,0.0,0.5,0.0,0.5703125,0.14062499999997258,0.5234375,0.9325,0.365,0.5675,,,,,,,0.3
BASIC_ep1_adaptive_noise_alpha0.5,BASIC,1,adaptive_noise,0.9578,0.8734,1.5066747665405273,0.5,0.0,0.5,0.0,0.5751953125,0.15039062499997058,0.5250651041666666,0.935,0.3625,0.5725,,,,,,,0.5
BASIC_ep1_adaptive_noise_alpha0.7,BASIC,1,adaptive_noise,0.9558,0.871,1.5266003608703613,0.5,0.0,0.5,0.0,0.5791015625,0.15820312499996902,0.5263671875,0.9525,0.375,0.5775,,,,,,,0.7
BASIC_ep1_adaptive_noise_alpha1.0,BASIC,1,adaptive_noise,0.9491,0.8698,1.586216688156128,0.5,0.0,0.5,0.0,0.560546875,0.12109374999997635,0.5201822916666666,0.94,0.385,0.5549999999999999,,,,,,,1.0
BASIC_ep3_none_,BASIC,3,none,0.9772,0.8834,3.1833932399749756,0.5,0.0,0.5,0.0,0.55859375,0.11718749999997713,0.51953125,0.9575,0.4925,0.465,,,,,,,
BASIC_ep3_output_perturbation_scale0.05,BASIC,3,output_perturbation,0.978,0.8834,3.204071044921875,0.5,0.0,0.5,0.0,0.5546875,0.10937499999997857,0.5182291666666666,0.955,0.49,0.46499999999999997,0.05,,,,,,
BASIC_ep3_output_perturbation_scale0.1,BASIC,3,output_perturbation,0.9765,0.885,3.1773691177368164,0.5,0.0,0.5,0.0,0.5546875,0.10937499999997857,0.5182291666666666,0.9525,0.49,0.4625,0.1,,,,,,
BASIC_ep3_output_perturbation_scale0.2,BASIC,3,output_perturbation,0.9776,0.8852,3.2417235374450684,0.5,0.0,0.5,0.0,0.564453125,0.1289062499999748,0.521484375,0.9525,0.495,0.4575,0.2,,,,,,
BASIC_ep3_output_perturbation_scale0.3,BASIC,3,output_perturbation,0.9766,0.886,3.185899019241333,0.5,0.0,0.5,0.0,0.5595703125,0.11914062499997669,0.5198567708333334,0.96,0.4775,0.4825,0.3,,,,,,
BASIC_ep3_output_perturbation_scale0.5,BASIC,3,output_perturbation,0.96975,0.874,3.1793715953826904,0.5,0.0,0.5,0.0,0.5634765625,0.12695312499997524,0.5211588541666666,0.95,0.4675,0.48249999999999993,0.5,,,,,,
BASIC_ep3_input_perturbation_sigma0.01,BASIC,3,input_perturbation,0.97555,0.8824,3.199943780899048,0.5,0.0,0.5,0.0,0.5517578125,0.1035156249999798,0.5172526041666666,0.95,0.5,0.44999999999999996,,0.01,,,,,
BASIC_ep3_input_perturbation_sigma0.05,BASIC,3,input_perturbation,0.9723,0.8794,3.2561886310577393,0.5,0.0,0.5,0.0,0.560546875,0.12109374999997635,0.5201822916666666,0.9575,0.5625,0.395,,0.05,,,,,
BASIC_ep3_input_perturbation_sigma0.1,BASIC,3,input_perturbation,0.95705,0.8678,3.191528558731079,0.5,0.0,0.5,0.0,0.572265625,0.1445312499999718,0.5240885416666666,0.9225,0.6225,0.29999999999999993,,0.1,,,,,
BASIC_ep3_input_perturbation_sigma0.2,BASIC,3,input_perturbation,0.83695,0.764,3.174316167831421,0.5,0.0,0.5,0.0,0.5556640625,0.11132812499997824,0.5185546875,0.7825,0.625,0.15749999999999997,,0.2,,,,,
BASIC_ep3_input_perturbation_sigma0.5,BASIC,3,input_perturbation,0.3553,0.3468,3.1933724880218506,0.5,0.0,0.5,0.0,0.4853515625,-0.029296874999994282,0.4951171875,0.3275,0.3025,0.025000000000000022,,0.5,,,,,
BASIC_ep3_input_perturbation_sigma1.0,BASIC,3,input_perturbation,0.18335,0.179,3.2678415775299072,0.5,0.0,0.5,0.0,0.5126953125,0.025390624999995032,0.5042317708333334,0.1425,0.15,-0.007500000000000007,,1.0,,,,,
BASIC_ep3_test_time_augmentation_num_augmentations1,BASIC,3,test_time_augmentation,0.93495,0.849,3.1774752140045166,0.5,0.0,0.5,0.0,0.5654296875,0.13085937499997446,0.5218098958333334,0.9425,0.77,0.1725,,,1.0,,,,
BASIC_ep3_test_time_augmentation_num_augmentations3,BASIC,3,test_time_augmentation,0.9561,0.856,3.7548089027404785,0.5,0.0,0.5,0.0,0.587890625,0.1757812499999657,0.529296875,0.9225,0.6725,0.25,,,3.0,,,,
BASIC_ep3_test_time_augmentation_num_augmentations5,BASIC,3,test_time_augmentation,0.96605,0.8736,4.363973379135132,0.5,0.0,0.5,0.0,0.568359375,0.13671874999997324,0.5227864583333334,0.945,0.845,0.09999999999999998,,,5.0,,,,
BASIC_ep3_test_time_augmentation_num_augmentations7,BASIC,3,test_time_augmentation,0.96915,0.8768,4.995559215545654,0.5,0.0,0.5,0.0,0.5810546875,0.16210937499996825,0.5270182291666666,0.94,0.735,0.20499999999999996,,,7.0,,,,
BASIC_ep3_test_time_augmentation_num_augmentations10,BASIC,3,test_time_augmentation,0.9683,0.8768,5.809016466140747,0.5,0.0,0.5,0.0,0.5810546875,0.16210937499996825,0.5270182291666666,0.9325,0.7775,0.15500000000000003,,,10.0,,,,
BASIC_ep3_temperature_scaled_temp1.0,BASIC,3,temperature_scaled,0.9752,0.8804,3.194218873977661,0.5,0.0,0.5,0.0,0.552734375,0.10546874999997935,0.517578125,0.955,0.505,0.44999999999999996,,,,1.0,,,
BASIC_ep3_temperature_scaled_temp1.5,BASIC,3,temperature_scaled,0.97455,0.8822,3.20110821723938,0.5,0.0,0.5,0.0,0.625,0.24999999999995115,0.5416666666666666,0.955,0.4975,0.45749999999999996,,,,1.5,,,
BASIC_ep3_temperature_scaled_temp2.0,BASIC,3,temperature_scaled,0.97635,0.8832,3.266356945037842,0.5,0.0,0.5,0.0,0.505859375,0.01171874999999771,0.501953125,0.9575,0.5,0.4575,,,,2.0,,,
BASIC_ep3_temperature_scaled_temp3.0,BASIC,3,temperature_scaled,0.9786,0.8854,3.1979498863220215,0.5,0.0,0.5,0.0,0.5,0.0,0.5,0.9525,0.4575,0.495,,,,3.0,,,
BASIC_ep3_temperature_scaled_temp5.0,BASIC,3,temperature_scaled,0.9763,0.8846,3.1840808391571045,0.5,0.0,0.5,0.0,0.5,0.0,0.5,0.9575,0.485,0.47250000000000003,,,,5.0,,,
BASIC_ep3_temperature_scaled_temp10.0,BASIC,3,temperature_scaled,0.97695,0.884,3.1887967586517334,0.5,0.0,0.5,0.0,0.5,0.0,0.5,0.9575,0.48,0.47750000000000004,,,,10.0,,,
BASIC_ep3_response_limited_topk_top_k1,BASIC,3,response_limited_topk,0.9758,0.884,3.257983446121216,0.5,0.0,0.5,0.0,0.5,0.0,0.5,0.9425,0.5025,0.44000000000000006,,,,,1.0,,
BASIC_ep3_response_limited_topk_top_k2,BASIC,3,response_limited_topk,0.9767,0.8874,3.195038318634033,0.5,0.0,0.5,0.0,0.5,0.0,0.5,0.9525,0.5,0.4525,,,,,2.0,,
BASIC_ep3_response_limited_topk_top_k3,BASIC,3,response_limited_topk,0.97405,0.8816,3.199984073638916,0.5,0.0,0.5,0.0,0.5205078125,0.041015624999992006,0.5068359375,0.9525,0.4875,0.465,,,,,3.0,,
BASIC_ep3_response_limited_topk_top_k4,BASIC,3,response_limited_topk,0.9738,0.8818,3.195476531982422,0.5,0.0,0.5,0.0,0.53515625,0.07031249999998623,0.51171875,0.9525,0.5125,0.44000000000000006,,,,,4.0,,
BASIC_ep3_response_limited_topk_top_k5,BASIC,3,response_limited_topk,0.9767,0.8828,3.261925220489502,0.5,0.0,0.5,0.0,0.53515625,0.07031249999998623,0.51171875,0.9575,0.5075,0.45000000000000007,,,,,5.0,,
BASIC_ep3_response_limited_hard_hard_labelTrue,BASIC,3,response_limited_hard,0.976,0.8828,3.1886439323425293,0.5,0.0,0.5,0.0,0.5,0.0,0.5,0.965,0.4925,0.4725,,,,,,True,
BASIC_ep3_adaptive_noise_alpha0.1,BASIC,3,adaptive_noise,0.9774,0.8846,3.203721761703491,0.5,0.0,0.5,0.0,0.5546875,0.10937499999997857,0.5182291666666666,0.9625,0.505,0.4575,,,,,,,0.1
BASIC_ep3_adaptive_noise_alpha0.3,BASIC,3,adaptive_noise,0.974,0.8812,3.1913604736328125,0.5,0.0,0.5,0.0,0.5517578125,0.1035156249999798,0.5172526041666666,0.9525,0.5025,0.45000000000000007,,,,,,,0.3
BASIC_ep3_adaptive_noise_alpha0.5,BASIC,3,adaptive_noise,0.9719,0.881,3.2580277919769287,0.5,0.0,0.5,0.0,0.5625,0.12499999999997558,0.5208333333333334,0.945,0.5025,0.4425,,,,,,,0.5
BASIC_ep3_adaptive_noise_alpha0.7,BASIC,3,adaptive_noise,0.9737,0.8826,3.1798791885375977,0.5,0.0,0.5,0.0,0.5712890625,0.14257812499997213,0.5237630208333334,0.9475,0.5,0.4475,,,,,,,0.7
BASIC_ep3_adaptive_noise_alpha1.0,BASIC,3,adaptive_noise,0.9693,0.8768,3.177830457687378,0.5,0.0,0.5,0.0,0.57421875,0.1484374999999709,0.5247395833333334,0.965,0.48,0.485,,,,,,,1.0
BASIC_ep5_none_,BASIC,5,none,0.98445,0.8866,4.94164252281189,0.5,0.0,0.5,0.0,0.5478515625,0.09570312499998124,0.5159505208333334,0.9675,0.575,0.39250000000000007,,,,,,,
BASIC_ep5_output_perturbation_scale0.05,BASIC,5,output_perturbation,0.9842,0.8864,4.8698108196258545,0.5,0.0,0.5,0.0,0.5576171875,0.11523437499997746,0.5192057291666666,0.965,0.56,0.4049999999999999,0.05,,,,,,
BASIC_ep5_output_perturbation_scale0.1,BASIC,5,output_perturbation,0.98465,0.8874,4.90873384475708,0.5,0.0,0.5,0.0,0.5478515625,0.09570312499998124,0.5159505208333334,0.9625,0.5825,0.38,0.1,,,,,,
BASIC_ep5_output_perturbation_scale0.2,BASIC,5,output_perturbation,0.98515,0.884,4.979368209838867,0.5,0.0,0.5,0.0,0.5556640625,0.11132812499997824,0.5185546875,0.96,0.54,0.41999999999999993,0.2,,,,,,
BASIC_ep5_output_perturbation_scale0.3,BASIC,5,output_perturbation,0.98285,0.8842,4.910144805908203,0.5,0.0,0.5,0.0,0.5517578125,0.10351562499997968,0.5172526041666666,0.955,0.585,0.37,0.3,,,,,,
BASIC_ep5_output_perturbation_scale0.5,BASIC,5,output_perturbation,0.9818,0.883,4.882657527923584,0.5,0.0,0.5,0.0,0.5673828125,0.1347656249999737,0.5224609375,0.95,0.5625,0.38749999999999996,0.5,,,,,,
BASIC_ep5_input_perturbation_sigma0.01,BASIC,5,input_perturbation,0.98515,0.887,4.973962306976318,0.5,0.0,0.5,0.0,0.5556640625,0.11132812499997824,0.5185546875,0.965,0.58,0.385,,0.01,,,,,
BASIC_ep5_input_perturbation_sigma0.05,BASIC,5,input_perturbation,0.98605,0.8852,4.9073076248168945,0.5,0.0,0.5,0.0,0.55078125,0.10156249999998013,0.5169270833333334,0.96,0.6075,0.3524999999999999,,0.05,,,,,
BASIC_ep5_input_perturbation_sigma0.1,BASIC,5,input_perturbation,0.97055,0.8698,4.9062416553497314,0.5,0.0,0.5,0.0,0.5625,0.12499999999997558,0.5208333333333334,0.94,0.685,0.2549999999999999,,0.1,,,,,
BASIC_ep5_input_perturbation_sigma0.2,BASIC,5,input_perturbation,0.855,0.7698,4.991764783859253,0.5,0.0,0.5,0.0,0.544921875,0.08984374999998235,0.5149739583333334,0.8125,0.645,0.16749999999999998,,0.2,,,,,
BASIC_ep5_input_perturbation_sigma0.5,BASIC,5,input_perturbation,0.33225,0.3222,4.901919603347778,0.5,0.0,0.5,0.0,0.501953125,0.003906249999999223,0.5006510416666666,0.3275,0.2925,0.03500000000000003,,0.5,,,,,
BASIC_ep5_input_perturbation_sigma1.0,BASIC,5,input_perturbation,0.16675,0.1664,4.918940305709839,0.5,0.0,0.5,0.0,0.5009765625,0.0019531249999996184,0.5003255208333334,0.1425,0.17,-0.027500000000000024,,1.0,,,,,
BASIC_ep5_test_time_augmentation_num_augmentations1,BASIC,5,test_time_augmentation,0.943,0.8326,4.990057945251465,0.5,0.0,0.5,0.0,0.5439453125,0.08789062499998279,0.5146484375,0.8875,0.6575,0.22999999999999998,,,1.0,,,,
BASIC_ep5_test_time_augmentation_num_augmentations3,BASIC,5,test_time_augmentation,0.97,0.8688,5.499087572097778,0.5,0.0,0.5,0.0,0.5693359375,0.1386718749999729,0.5231119791666666,0.9375,0.8475,0.08999999999999997,,,3.0,,,,
BASIC_ep5_test_time_augmentation_num_augmentations5,BASIC,5,test_time_augmentation,0.97555,0.8702,6.0764265060424805,0.5,0.0,0.5,0.0,0.5830078125,0.16601562499996747,0.5276692708333334,0.93,0.7975,0.13250000000000006,,,5.0,,,,
BASIC_ep5_test_time_augmentation_num_augmentations7,BASIC,5,test_time_augmentation,0.9767,0.8802,6.724528551101685,0.5,0.0,0.5,0.0,0.572265625,0.1445312499999718,0.5240885416666666,0.955,0.7975,0.15749999999999997,,,7.0,,,,
BASIC_ep5_test_time_augmentation_num_augmentations10,BASIC,5,test_time_augmentation,0.9751,0.8844,7.514000177383423,0.5,0.0,0.5,0.0,0.583984375,0.16796874999996725,0.5279947916666666,0.935,0.8025,0.13250000000000006,,,10.0,,,,
BASIC_ep5_temperature_scaled_temp1.0,BASIC,5,temperature_scaled,0.98675,0.8878,4.977641344070435,0.5,0.0,0.5,0.0,0.552734375,0.10546874999997935,0.517578125,0.9575,0.565,0.39250000000000007,,,,1.0,,,
BASIC_ep5_temperature_scaled_temp1.5,BASIC,5,temperature_scaled,0.98665,0.8912,4.905367851257324,0.5,0.0,0.5,0.0,0.619140625,0.23828124999995337,0.5397135416666666,0.9575,0.5675,0.39,,,,1.5,,,
BASIC_ep5_temperature_scaled_temp2.0,BASIC,5,temperature_scaled,0.9873,0.891,4.898598909378052,0.5,0.0,0.5,0.0,0.5029296875,0.005859374999998855,0.5009765625,0.955,0.555,0.3999999999999999,,,,2.0,,,
BASIC_ep5_temperature_scaled_temp3.0,BASIC,5,temperature_scaled,0.98535,0.8886,4.980719566345215,0.5,0.0,0.5,0.0,0.5,0.0,0.5,0.9575,0.58,0.37750000000000006,,,,3.0,,,
BASIC_ep5_temperature_scaled_temp5.0,BASIC,5,temperature_scaled,0.9853,0.8852,4.905676364898682,0.5,0.0,0.5,0.0,0.5,0.0,0.5,0.96,0.53,0.42999999999999994,,,,5.0,,,
BASIC_ep5_temperature_scaled_temp10.0,BASIC,5,temperature_scaled,0.98655,0.8878,4.909115314483643,0.5,0.0,0.5,0.0,0.5,0.0,0.5,0.965,0.5375,0.4275,,,,10.0,,,
BASIC_ep5_response_limited_topk_top_k1,BASIC,5,response_limited_topk,0.98675,0.891,4.967995882034302,0.5,0.0,0.5,0.0,0.5,0.0,0.5,0.96,0.555,0.4049999999999999,,,,,1.0,,
BASIC_ep5_response_limited_topk_top_k2,BASIC,5,response_limited_topk,0.98395,0.8896,4.913091659545898,0.5,0.0,0.5,0.0,0.5,0.0,0.5,0.955,0.5625,0.39249999999999996,,,,,2.0,,
BASIC_ep5_response_limited_topk_top_k3,BASIC,5,response_limited_topk,0.98535,0.8866,4.910498380661011,0.5,0.0,0.5,0.0,0.5185546875,0.037109374999992784,0.5061848958333334,0.9575,0.575,0.38250000000000006,,,,,3.0,,
BASIC_ep5_response_limited_topk_top_k4,BASIC,5,response_limited_topk,0.98375,0.8882,4.983144760131836,0.5,0.0,0.5,0.0,0.5302734375,0.06054687499998812,0.5100911458333334,0.9575,0.5625,0.395,,,,,4.0,,
BASIC_ep5_response_limited_topk_top_k5,BASIC,5,response_limited_topk,0.9835,0.8842,4.907803773880005,0.5,0.0,0.5,0.0,0.5302734375,0.06054687499998812,0.5100911458333334,0.9475,0.575,0.37250000000000005,,,,,5.0,,
BASIC_ep5_response_limited_hard_hard_labelTrue,BASIC,5,response_limited_hard,0.9855,0.8884,4.91776967048645,0.5,0.0,0.5,0.0,0.5,0.0,0.5,0.96,0.5625,0.39749999999999996,,,,,,True,
BASIC_ep5_adaptive_noise_alpha0.1,BASIC,5,adaptive_noise,0.98335,0.8896,4.987518787384033,0.5,0.0,0.5,0.0,0.5546875,0.10937499999997857,0.5182291666666666,0.9575,0.5675,0.39,,,,,,,0.1
BASIC_ep5_adaptive_noise_alpha0.3,BASIC,5,adaptive_noise,0.98485,0.8832,4.910489797592163,0.5,0.0,0.5,0.0,0.5537109375,0.10742187499997902,0.5179036458333334,0.96,0.575,0.385,,,,,,,0.3
BASIC_ep5_adaptive_noise_alpha0.5,BASIC,5,adaptive_noise,0.98585,0.8894,4.911752700805664,0.5,0.0,0.5,0.0,0.55078125,0.10156249999998013,0.5169270833333334,0.9575,0.5875,0.37,,,,,,,0.5
BASIC_ep5_adaptive_noise_alpha0.7,BASIC,5,adaptive_noise,0.9826,0.886,4.979511022567749,0.5,0.0,0.5,0.0,0.5634765625,0.12695312499997524,0.5211588541666666,0.9525,0.5375,0.41500000000000004,,,,,,,0.7
BASIC_ep5_adaptive_noise_alpha1.0,BASIC,5,adaptive_noise,0.98165,0.8838,4.9128358364105225,0.5,0.0,0.5,0.0,0.568359375,0.13671874999997335,0.5227864583333334,0.96,0.5625,0.39749999999999996,,,,,,,1.0
BASIC_ep7_none_,BASIC,7,none,0.9907,0.891,6.662106990814209,0.5,0.0,0.5,0.0,0.55078125,0.10156249999998013,0.5169270833333334,0.97,0.6075,0.36249999999999993,,,,,,,
BASIC_ep7_output_perturbation_scale0.05,BASIC,7,output_perturbation,0.99095,0.887,6.60354471206665,0.5,0.0,0.5,0.0,0.546875,0.09374999999998168,0.515625,0.955,0.6075,0.3474999999999999,0.05,,,,,,
BASIC_ep7_output_perturbation_scale0.1,BASIC,7,output_perturbation,0.98955,0.8866,6.609706878662109,0.5,0.0,0.5,0.0,0.5478515625,0.09570312499998135,0.5159505208333334,0.9525,0.6225,0.32999999999999996,0.1,,,,,,
BASIC_ep7_output_perturbation_scale0.2,BASIC,7,output_perturbation,0.9915,0.8888,6.603272199630737,0.5,0.0,0.5,0.0,0.55859375,0.11718749999997713,0.51953125,0.955,0.5975,0.35749999999999993,0.2,,,,,,
BASIC_ep7_output_perturbation_scale0.3,BASIC,7,output_perturbation,0.9911,0.8912,6.555120229721069,0.5,0.0,0.5,0.0,0.548828125,0.0976562499999809,0.5162760416666666,0.9625,0.59,0.37250000000000005,0.3,,,,,,
BASIC_ep7_output_perturbation_scale0.5,BASIC,7,output_perturbation,0.98885,0.8842,6.640913724899292,0.5,0.0,0.5,0.0,0.5634765625,0.12695312499997513,0.5211588541666666,0.95,0.5825,0.36749999999999994,0.5,,,,,,
BASIC_ep7_input_perturbation_sigma0.01,BASIC,7,input_perturbation,0.99115,0.8902,6.580453395843506,0.5,0.0,0.5,0.0,0.552734375,0.10546874999997935,0.517578125,0.9625,0.615,0.34750000000000003,,0.01,,,,,
BASIC_ep7_input_perturbation_sigma0.05,BASIC,7,input_perturbation,0.9903,0.8878,6.642483472824097,0.5,0.0,0.5,0.0,0.552734375,0.10546874999997935,0.517578125,0.96,0.6625,0.2975,,0.05,,,,,
BASIC_ep7_input_perturbation_sigma0.1,BASIC,7,input_perturbation,0.97585,0.8696,6.594235181808472,0.5,0.0,0.5,0.0,0.5556640625,0.11132812499997824,0.5185546875,0.9375,0.6675,0.27,,0.1,,,,,
BASIC_ep7_input_perturbation_sigma0.2,BASIC,7,input_perturbation,0.8636,0.7736,6.667064189910889,0.5,0.0,0.5,0.0,0.5458984375,0.09179687499998213,0.5152994791666666,0.83,0.6575,0.1725,,0.2,,,,,
BASIC_ep7_input_perturbation_sigma0.5,BASIC,7,input_perturbation,0.3566,0.3408,6.582128286361694,0.5,0.0,0.5,0.0,0.486328125,-0.02734374999999467,0.4954427083333333,0.3525,0.3125,0.03999999999999998,,0.5,,,,,
BASIC_ep7_input_perturbation_sigma1.0,BASIC,7,input_perturbation,0.1722,0.1698,6.666784048080444,0.5,0.0,0.5,0.0,0.49609375,-0.0078124999999984734,0.4986979166666667,0.175,0.1625,0.012499999999999983,,1.0,,,,,
BASIC_ep7_test_time_augmentation_num_augmentations1,BASIC,7,test_time_augmentation,0.94905,0.8446,6.607260465621948,0.5,0.0,0.5,0.0,0.55859375,0.11718749999997702,0.51953125,0.9225,0.8475,0.07499999999999996,,,1.0,,,,
BASIC_ep7_test_time_augmentation_num_augmentations3,BASIC,7,test_time_augmentation,0.9764,0.8772,7.255481958389282,0.5,0.0,0.5,0.0,0.5654296875,0.13085937499997435,0.5218098958333334,0.9425,0.825,0.11750000000000005,,,3.0,,,,
BASIC_ep7_test_time_augmentation_num_augmentations5,BASIC,7,test_time_augmentation,0.9804,0.873,7.769583702087402,0.5,0.0,0.5,0.0,0.576171875,0.15234374999997025,0.525390625,0.935,0.84,0.09500000000000008,,,5.0,,,,
BASIC_ep7_test_time_augmentation_num_augmentations7,BASIC,7,test_time_augmentation,0.98285,0.8774,8.33320426940918,0.5,0.0,0.5,0.0,0.5810546875,0.16210937499996836,0.5270182291666666,0.945,0.83,0.11499999999999999,,,7.0,,,,
BASIC_ep7_test_time_augmentation_num_augmentations10,BASIC,7,test_time_augmentation,0.98465,0.8824,9.259169101715088,0.5,0.0,0.5,0.0,0.5859375,0.17187499999996647,0.5286458333333334,0.955,0.815,0.14,,,10.0,,,,
BASIC_ep7_temperature_scaled_temp1.0,BASIC,7,temperature_scaled,0.99105,0.8882,6.549090623855591,0.5,0.0,0.5,0.0,0.548828125,0.0976562499999809,0.5162760416666666,0.9575,0.615,0.3425,,,,1.0,,,
BASIC_ep7_temperature_scaled_temp1.5,BASIC,7,temperature_scaled,0.9891,0.8858,6.616475343704224,0.5,0.0,0.5,0.0,0.623046875,0.24609374999995193,0.541015625,0.9625,0.6025,0.36,,,,1.5,,,
BASIC_ep7_temperature_scaled_temp2.0,BASIC,7,temperature_scaled,0.9895,0.8892,6.558432102203369,0.5,0.0,0.5,0.0,0.5,0.0,0.5,0.9625,0.6075,0.355,,,,2.0,,,
BASIC_ep7_temperature_scaled_temp3.0,BASIC,7,temperature_scaled,0.991,0.8872,6.6298017501831055,0.5,0.0,0.5,0.0,0.5,0.0,0.5,0.96,0.615,0.345,,,,3.0,,,
BASIC_ep7_temperature_scaled_temp5.0,BASIC,7,temperature_scaled,0.99065,0.8878,6.545431852340698,0.5,0.0,0.5,0.0,0.5,0.0,0.5,0.965,0.615,0.35,,,,5.0,,,
BASIC_ep7_temperature_scaled_temp10.0,BASIC,7,temperature_scaled,0.99145,0.8882,6.627079725265503,0.5,0.0,0.5,0.0,0.5,0.0,0.5,0.955,0.58,0.375,,,,10.0,,,
BASIC_ep7_response_limited_topk_top_k1,BASIC,7,response_limited_topk,0.9908,0.8866,6.561856269836426,0.5,0.0,0.5,0.0,0.5,0.0,0.5,0.9675,0.6075,0.36,,,,,1.0,,
BASIC_ep7_response_limited_topk_top_k2,BASIC,7,response_limited_topk,0.9903,0.8912,6.619405031204224,0.5,0.0,0.5,0.0,0.5,0.0,0.5,0.95,0.61,0.33999999999999997,,,,,2.0,,
BASIC_ep7_response_limited_topk_top_k3,BASIC,7,response_limited_topk,0.98955,0.8872,6.560167074203491,0.5,0.0,0.5,0.0,0.5126953125,0.025390624999995004,0.5042317708333334,0.96,0.615,0.345,,,,,3.0,,
BASIC_ep7_response_limited_topk_top_k4,BASIC,7,response_limited_topk,0.99055,0.8902,6.55262017250061,0.5,0.0,0.5,0.0,0.5224609375,0.04492187499999123,0.5074869791666666,0.9575,0.62,0.3375,,,,,4.0,,
BASIC_ep7_response_limited_topk_top_k5,BASIC,7,response_limited_topk,0.99035,0.8856,6.641069650650024,0.5,0.0,0.5,0.0,0.529296875,0.058593749999988565,0.509765625,0.96,0.61,0.35,,,,,5.0,,
BASIC_ep7_response_limited_hard_hard_labelTrue,BASIC,7,response_limited_hard,0.99105,0.8894,6.568137168884277,0.5,0.0,0.5,0.0,0.5,0.0,0.5,0.9625,0.5975,0.365,,,,,,True,
BASIC_ep7_adaptive_noise_alpha0.1,BASIC,7,adaptive_noise,0.9887,0.8876,6.661271095275879,0.5,0.0,0.5,0.0,0.5458984375,0.09179687499998201,0.5152994791666666,0.96,0.595,0.365,,,,,,,0.1
BASIC_ep7_adaptive_noise_alpha0.3,BASIC,7,adaptive_noise,0.98955,0.8896,6.620579957962036,0.5,0.0,0.5,0.0,0.5517578125,0.10351562499997968,0.5172526041666666,0.955,0.6,0.355,,,,,,,0.3
BASIC_ep7_adaptive_noise_alpha0.5,BASIC,7,adaptive_noise,0.9892,0.8844,6.661416053771973,0.5,0.0,0.5,0.0,0.55078125,0.10156249999998013,0.5169270833333334,0.955,0.6075,0.3474999999999999,,,,,,,0.5
BASIC_ep7_adaptive_noise_alpha0.7,BASIC,7,adaptive_noise,0.9886,0.8844,6.6110310554504395,0.5,0.0,0.5,0.0,0.5654296875,0.13085937499997446,0.5218098958333334,0.9575,0.575,0.38250000000000006,,,,,,,0.7
BASIC_ep7_adaptive_noise_alpha1.0,BASIC,7,adaptive_noise,0.98745,0.8828,6.663153648376465,0.5,0.0,0.5,0.0,0.5732421875,0.14648437499997147,0.5244140625,0.9625,0.58,0.38250000000000006,,,,,,,1.0
BASIC_ep10_none_,BASIC,10,none,0.99545,0.8914,9.142582416534424,0.5,0.0,0.5,0.0,0.537109375,0.07421874999998546,0.5123697916666666,0.9625,0.6575,0.30500000000000005,,,,,,,
BASIC_ep10_output_perturbation_scale0.05,BASIC,10,output_perturbation,0.9955,0.8894,9.200018882751465,0.5,0.0,0.5,0.0,0.5439453125,0.08789062499998279,0.5146484375,0.9675,0.6225,0.345,0.05,,,,,,
BASIC_ep10_output_perturbation_scale0.1,BASIC,10,output_perturbation,0.99415,0.8932,9.072612524032593,0.5,0.0,0.5,0.0,0.5546875,0.10937499999997857,0.5182291666666666,0.955,0.675,0.2799999999999999,0.1,,,,,,
BASIC_ep10_output_perturbation_scale0.2,BASIC,10,output_perturbation,0.99455,0.8888,9.147753715515137,0.5,0.0,0.5,0.0,0.546875,0.09374999999998168,0.515625,0.9525,0.645,0.3075,0.2,,,,,,
BASIC_ep10_output_perturbation_scale0.3,BASIC,10,output_perturbation,0.99635,0.8916,9.202438831329346,0.5,0.0,0.5,0.0,0.5419921875,0.08398437499998357,0.5139973958333334,0.9525,0.6625,0.29000000000000004,0.3,,,,,,
BASIC_ep10_output_perturbation_scale0.5,BASIC,10,output_perturbation,0.9927,0.887,11.452301263809204,0.5,0.0,0.5,0.0,0.55078125,0.10156249999998024,0.5169270833333334,0.9575,0.66,0.2975,0.5,,,,,,
BASIC_ep10_input_perturbation_sigma0.01,BASIC,10,input_perturbation,0.99525,0.8902,10.355284929275513,0.5,0.0,0.5,0.0,0.5517578125,0.1035156249999798,0.5172526041666666,0.9625,0.645,0.3175,,0.01,,,,,
BASIC_ep10_input_perturbation_sigma0.05,BASIC,10,input_perturbation,0.99325,0.8826,19.61925768852234,0.5,0.0,0.5,0.0,0.5498046875,0.09960937499998057,0.5166015625,0.9625,0.6725,0.29000000000000004,,0.05,,,,,
BASIC_ep10_input_perturbation_sigma0.1,BASIC,10,input_perturbation,0.9815,0.874,9.879784107208252,0.5,0.0,0.5,0.0,0.5439453125,0.08789062499998279,0.5146484375,0.95,0.75,0.19999999999999996,,0.1,,,,,
BASIC_ep10_input_perturbation_sigma0.2,BASIC,10,input_perturbation,0.8618,0.7744,9.19836139678955,0.5,0.0,0.5,0.0,0.5537109375,0.1074218749999789,0.5179036458333334,0.81,0.6575,0.15250000000000008,,0.2,,,,,
BASIC_ep10_input_perturbation_sigma0.5,BASIC,10,input_perturbation,0.3423,0.3336,9.151333570480347,0.5,0.0,0.5,0.0,0.4892578125,-0.02148437499999578,0.4964192708333333,0.345,0.305,0.03999999999999998,,0.5,,,,,
BASIC_ep10_input_perturbation_sigma1.0,BASIC,10,input_perturbation,0.1422,0.1454,9.20024061203003,0.5,0.0,0.5,0.0,0.49609375,-0.0078124999999984734,0.4986979166666667,0.125,0.125,0.0,,1.0,,,,,
BASIC_ep10_test_time_augmentation_num_augmentations1,BASIC,10,test_time_augmentation,0.956,0.8604,9.304081201553345,0.5,0.0,0.5,0.0,0.5693359375,0.1386718749999729,0.5231119791666666,0.9425,0.7075,0.235,,,1.0,,,,
BASIC_ep10_test_time_augmentation_num_augmentations3,BASIC,10,test_time_augmentation,0.9837,0.8718,9.739277124404907,0.5,0.0,0.5,0.0,0.5751953125,0.1503906249999707,0.5250651041666666,0.95,0.7725,0.1775,,,3.0,,,,
BASIC_ep10_test_time_augmentation_num_augmentations5,BASIC,10,test_time_augmentation,0.99025,0.886,10.384437799453735,0.5,0.0,0.5,0.0,0.5693359375,0.1386718749999729,0.5231119791666666,0.9375,0.7975,0.14,,,5.0,,,,
BASIC_ep10_test_time_augmentation_num_augmentations7,BASIC,10,test_time_augmentation,0.9869,0.877,10.888995170593262,0.5,0.0,0.5,0.0,0.5849609375,0.1699218749999668,0.5283203125,0.935,0.8075,0.12750000000000006,,,7.0,,,,
BASIC_ep10_test_time_augmentation_num_augmentations10,BASIC,10,test_time_augmentation,0.9913,0.8808,11.823192834854126,0.5,0.0,0.5,0.0,0.5830078125,0.16601562499996758,0.5276692708333334,0.96,0.835,0.125,,,10.0,,,,
BASIC_ep10_temperature_scaled_temp1.0,BASIC,10,temperature_scaled,0.99505,0.8886,9.20481276512146,0.5,0.0,0.5,0.0,0.544921875,0.08984374999998246,0.5149739583333334,0.97,0.66,0.30999999999999994,,,,1.0,,,
BASIC_ep10_temperature_scaled_temp1.5,BASIC,10,temperature_scaled,0.99465,0.8908,9.141402006149292,0.5,0.0,0.5,0.0,0.59375,0.18749999999996336,0.53125,0.97,0.6475,0.3225,,,,1.5,,,
BASIC_ep10_temperature_scaled_temp2.0,BASIC,10,temperature_scaled,0.9951,0.8912,9.213231801986694,0.5,0.0,0.5,0.0,0.5009765625,0.0019531249999996184,0.5003255208333334,0.955,0.6425,0.3125,,,,2.0,,,
BASIC_ep10_temperature_scaled_temp3.0,BASIC,10,temperature_scaled,0.99575,0.8914,9.121769666671753,0.5,0.0,0.5,0.0,0.5,0.0,0.5,0.96,0.63,0.32999999999999996,,,,3.0,,,
BASIC_ep10_temperature_scaled_temp5.0,BASIC,10,temperature_scaled,0.9929,0.8902,9.152117252349854,0.5,0.0,0.5,0.0,0.5,0.0,0.5,0.96,0.6425,0.3175,,,,5.0,,,
BASIC_ep10_temperature_scaled_temp10.0,BASIC,10,temperature_scaled,0.99365,0.8876,9.175541639328003,0.5,0.0,0.5,0.0,0.5,0.0,0.5,0.9625,0.6475,0.31500000000000006,,,,10.0,,,
BASIC_ep10_response_limited_topk_top_k1,BASIC,10,response_limited_topk,0.99455,0.886,9.437807559967041,0.5,0.0,0.5,0.0,0.5,0.0,0.5,0.955,0.6675,0.2875,,,,,1.0,,
BASIC_ep10_response_limited_topk_top_k2,BASIC,10,response_limited_topk,0.99555,0.8892,9.178802967071533,0.5,0.0,0.5,0.0,0.5,0.0,0.5,0.965,0.6475,0.3175,,,,,2.0,,
BASIC_ep10_response_limited_topk_top_k3,BASIC,10,response_limited_topk,0.9946,0.8904,9.156457424163818,0.5,0.0,0.5,0.0,0.5087890625,0.01757812499999656,0.5029296875,0.9625,0.6375,0.32500000000000007,,,,,3.0,,
BASIC_ep10_response_limited_topk_top_k4,BASIC,10,response_limited_topk,0.99515,0.8924,9.086742877960205,0.5,0.0,0.5,0.0,0.5263671875,0.052734374999989675,0.5087890625,0.955,0.6625,0.2925,,,,,4.0,,
BASIC_ep10_response_limited_topk_top_k5,BASIC,10,response_limited_topk,0.99415,0.8906,9.158318042755127,0.5,0.0,0.5,0.0,0.52734375,0.05468749999998934,0.5091145833333334,0.9525,0.63,0.3225,,,,,5.0,,
BASIC_ep10_response_limited_hard_hard_labelTrue,BASIC,10,response_limited_hard,0.99575,0.891,9.130213975906372,0.5,0.0,0.5,0.0,0.5,0.0,0.5,0.96,0.6525,0.3075,,,,,,True,
BASIC_ep10_adaptive_noise_alpha0.1,BASIC,10,adaptive_noise,0.9944,0.8916,9.292999982833862,0.5,0.0,0.5,0.0,0.5419921875,0.08398437499998357,0.5139973958333334,0.96,0.65,0.30999999999999994,,,,,,,0.1
BASIC_ep10_adaptive_noise_alpha0.3,BASIC,10,adaptive_noise,0.99465,0.8914,9.164631843566895,0.5,0.0,0.5,0.0,0.548828125,0.0976562499999809,0.5162760416666666,0.96,0.67,0.2899999999999999,,,,,,,0.3
BASIC_ep10_adaptive_noise_alpha0.5,BASIC,10,adaptive_noise,0.994,0.8868,9.07916784286499,0.5,0.0,0.5,0.0,0.5498046875,0.09960937499998046,0.5166015625,0.9525,0.6525,0.30000000000000004,,,,,,,0.5
BASIC_ep10_adaptive_noise_alpha0.7,BASIC,10,adaptive_noise,0.99205,0.89,9.13831377029419,0.5,0.0,0.5,0.0,0.541015625,0.0820312499999839,0.513671875,0.955,0.6275,0.3275,,,,,,,0.7
BASIC_ep10_adaptive_noise_alpha1.0,BASIC,10,adaptive_noise,0.9923,0.8876,9.085299730300903,0.5,0.0,0.5,0.0,0.5615234375,0.12304687499997591,0.5205078125,0.96,0.6325,0.3275,,,,,,,1.0
PGD_ep1_none_,PGD,1,none,0.6348,0.6074,10.164985418319702,0.5,0.0,0.5,0.0,0.5048828125,0.009765624999998113,0.5016276041666666,0.6625,0.5475,0.11499999999999999,,,,,,,
PGD_ep1_output_perturbation_scale0.05,PGD,1,output_perturbation,0.68105,0.6468,5.834906816482544,0.5,0.0,0.5009765625,0.0019531249999996184,0.498046875,-0.003906249999999223,0.4996744791666667,0.7275,0.59,0.13750000000000007,0.05,,,,,,
PGD_ep1_output_perturbation_scale0.1,PGD,1,output_perturbation,0.68645,0.652,5.832242727279663,0.5009765625,0.0019531249999996184,0.5009765625,0.0019531249999996184,0.515625,0.031249999999993894,0.505859375,0.725,0.575,0.15000000000000002,0.1,,,,,,
PGD_ep1_output_perturbation_scale0.2,PGD,1,output_perturbation,0.613,0.591,5.8388402462005615,0.5,0.0,0.5,0.0,0.5078125,0.015624999999996947,0.5026041666666666,0.6275,0.525,0.10249999999999992,0.2,,,,,,
PGD_ep1_output_perturbation_scale0.3,PGD,1,output_perturbation,0.6009,0.5766,5.829770565032959,0.5,0.0,0.5,0.0,0.517578125,0.03515624999999312,0.505859375,0.6125,0.515,0.09750000000000003,0.3,,,,,,
PGD_ep1_output_perturbation_scale0.5,PGD,1,output_perturbation,0.64035,0.616,5.826364755630493,0.5,0.0,0.5,0.0,0.509765625,0.01953124999999617,0.5032552083333334,0.6775,0.5525,0.125,0.5,,,,,,
PGD_ep1_input_perturbation_sigma0.01,PGD,1,input_perturbation,0.63985,0.6114,5.839762210845947,0.5,0.0,0.5,0.0,0.50390625,0.0078124999999984734,0.5013020833333334,0.67,0.545,0.125,,0.01,,,,,
PGD_ep1_input_perturbation_sigma0.05,PGD,1,input_perturbation,0.6446,0.6154,5.917129039764404,0.5,0.0,0.5,0.0,0.5048828125,0.009765624999998113,0.5016276041666666,0.68,0.55,0.13,,0.05,,,,,
PGD_ep1_input_perturbation_sigma0.1,PGD,1,input_perturbation,0.6615,0.6314,5.83655309677124,0.5,0.0,0.5,0.0,0.5048828125,0.009765624999998113,0.5016276041666666,0.6975,0.58,0.11750000000000005,,0.1,,,,,
PGD_ep1_input_perturbation_sigma0.2,PGD,1,input_perturbation,0.5783,0.5636,5.833059787750244,0.5,0.0,0.5,0.0,0.517578125,0.03515624999999313,0.505859375,0.6075,0.555,0.05249999999999999,,0.2,,,,,
PGD_ep1_input_perturbation_sigma0.5,PGD,1,input_perturbation,0.398,0.3896,10.520416021347046,0.5,0.0,0.5,0.0,0.513671875,0.027343749999994643,0.5045572916666666,0.4025,0.3525,0.050000000000000044,,0.5,,,,,
PGD_ep1_input_perturbation_sigma1.0,PGD,1,input_perturbation,0.2015,0.1986,5.830630540847778,0.5,0.0,0.5,0.0,0.501953125,0.0039062499999992367,0.5006510416666666,0.16,0.1475,0.012500000000000011,,1.0,,,,,
PGD_ep1_test_time_augmentation_num_augmentations1,PGD,1,test_time_augmentation,0.5566,0.5644,6.100108861923218,0.5,0.0,0.5,0.0,0.50390625,0.0078124999999984734,0.5013020833333334,0.51,0.5425,-0.03249999999999997,,,1.0,,,,
PGD_ep1_test_time_augmentation_num_augmentations3,PGD,1,test_time_augmentation,0.5801,0.5628,6.42150354385376,0.5,0.0,0.5,0.0,0.51171875,0.023437499999995448,0.50390625,0.58,0.495,0.08499999999999996,,,3.0,,,,
PGD_ep1_test_time_augmentation_num_augmentations5,PGD,1,test_time_augmentation,0.60235,0.5742,7.084214925765991,0.5,0.0,0.5,0.0,0.51953125,0.03906249999999237,0.5065104166666666,0.6725,0.5675,0.10499999999999998,,,5.0,,,,
PGD_ep1_test_time_augmentation_num_augmentations7,PGD,1,test_time_augmentation,0.54395,0.5294,7.577819347381592,0.5,0.0,0.5,0.0,0.501953125,0.0039062499999992367,0.5006510416666666,0.58,0.445,0.13499999999999995,,,7.0,,,,
PGD_ep1_test_time_augmentation_num_augmentations10,PGD,1,test_time_augmentation,0.58775,0.5562,8.458868741989136,0.5,0.0,0.5,0.0,0.5009765625,0.0019531249999996392,0.5003255208333334,0.63,0.5575,0.07250000000000001,,,10.0,,,,
PGD_ep1_temperature_scaled_temp1.0,PGD,1,temperature_scaled,0.68885,0.654,5.828750848770142,0.501953125,0.0039062499999992367,0.501953125,0.0039062499999992367,0.5185546875,0.03710937499999273,0.5074869791666666,0.735,0.57,0.16500000000000004,,,,1.0,,,
PGD_ep1_temperature_scaled_temp1.5,PGD,1,temperature_scaled,0.66205,0.635,5.833002090454102,0.5,0.0,0.5,0.0,0.498046875,-0.0039062499999992367,0.4993489583333333,0.6825,0.57,0.11250000000000004,,,,1.5,,,
PGD_ep1_temperature_scaled_temp2.0,PGD,1,temperature_scaled,0.6788,0.6454,5.8055760860443115,0.5,0.0,0.5,0.0,0.501953125,0.0039062499999992367,0.5006510416666666,0.715,0.5925,0.12249999999999994,,,,2.0,,,
PGD_ep1_temperature_scaled_temp3.0,PGD,1,temperature_scaled,0.6367,0.6094,5.83139967918396,0.5,0.0,0.5,0.0,0.5,0.0,0.5,0.6675,0.5475,0.12,,,,3.0,,,
PGD_ep1_temperature_scaled_temp5.0,PGD,1,temperature_scaled,0.6821,0.649,5.909608364105225,0.5,0.0,0.5,0.0,0.5,0.0,0.5,0.72,0.59,0.13,,,,5.0,,,
PGD_ep1_temperature_scaled_temp10.0,PGD,1,temperature_scaled,0.6849,0.65,5.831419229507446,0.5,0.0,0.5,0.0,0.5,0.0,0.5,0.7275,0.5875,0.14,,,,10.0,,,
PGD_ep1_response_limited_topk_top_k1,PGD,1,response_limited_topk,0.6881,0.6546,6.387937068939209,0.5,0.0,0.5,0.0,0.5,0.0,0.5,0.7325,0.5825,0.15000000000000002,,,,,1.0,,
PGD_ep1_response_limited_topk_top_k2,PGD,1,response_limited_topk,0.63225,0.6058,6.003843784332275,0.5,0.0,0.5,0.0,0.5,0.0,0.5,0.655,0.5475,0.10750000000000004,,,,,2.0,,
PGD_ep1_response_limited_topk_top_k3,PGD,1,response_limited_topk,0.6851,0.651,5.840689420700073,0.5009765625,0.0019531249999996184,0.5,0.0,0.521484375,0.04296874999999156,0.5074869791666666,0.73,0.5925,0.13749999999999996,,,,,3.0,,
PGD_ep1_response_limited_topk_top_k4,PGD,1,response_limited_topk,0.6515,0.6244,5.8331828117370605,0.5,0.0,0.5,0.0,0.5029296875,0.005859374999998834,0.5009765625,0.6775,0.555,0.12249999999999994,,,,,4.0,,
PGD_ep1_response_limited_topk_top_k5,PGD,1,response_limited_topk,0.6677,0.6382,5.8223090171813965,0.5,0.0,0.5,0.0,0.505859375,0.011718749999997724,0.501953125,0.695,0.5725,0.12249999999999994,,,,,5.0,,
PGD_ep1_response_limited_hard_hard_labelTrue,PGD,1,response_limited_hard,0.68535,0.652,5.97522759437561,0.5,0.0,0.5,0.0,0.5,0.0,0.5,0.7275,0.59,0.13750000000000007,,,,,,True,
PGD_ep1_adaptive_noise_alpha0.1,PGD,1,adaptive_noise,0.658,0.631,6.036261796951294,0.5,0.0,0.5,0.0,0.5048828125,0.009765624999998085,0.5016276041666666,0.6825,0.5625,0.12,,,,,,,0.1
PGD_ep1_adaptive_noise_alpha0.3,PGD,1,adaptive_noise,0.68485,0.6502,5.835834264755249,0.5009765625,0.0019531249999996184,0.5009765625,0.0019531249999996184,0.525390625,0.050781249999990064,0.5091145833333334,0.7275,0.5775,0.15000000000000002,,,,,,,0.3
PGD_ep1_adaptive_noise_alpha0.5,PGD,1,adaptive_noise,0.6616,0.6342,5.825156927108765,0.5,0.0,0.5,0.0,0.4970703125,-0.005859374999998834,0.4990234375,0.67,0.57,0.10000000000000009,,,,,,,0.5
PGD_ep1_adaptive_noise_alpha0.7,PGD,1,adaptive_noise,0.62845,0.608,5.832812786102295,0.5,0.0,0.5,0.0,0.5029296875,0.005859374999998862,0.5009765625,0.6425,0.5525,0.08999999999999997,,,,,,,0.7
PGD_ep1_adaptive_noise_alpha1.0,PGD,1,adaptive_noise,0.65875,0.6268,5.829122304916382,0.5009765625,0.0019531249999996184,0.5009765625,0.0019531249999996184,0.49609375,-0.007812499999998446,0.4993489583333333,0.6825,0.59,0.09250000000000003,,,,,,,1.0
PGD_ep3_none_,PGD,3,none,0.6658,0.6364,16.198686122894287,0.5,0.0,0.5,0.0,0.5048828125,0.009765624999998113,0.5016276041666666,0.695,0.6075,0.08749999999999991,,,,,,,
PGD_ep3_output_perturbation_scale0.05,PGD,3,output_perturbation,0.7077,0.667,16.14443874359131,0.5,0.0,0.5,0.0,0.5341796875,0.06835937499998668,0.5113932291666666,0.7325,0.61,0.12250000000000005,0.05,,,,,,
PGD_ep3_output_perturbation_scale0.1,PGD,3,output_perturbation,0.69055,0.6568,16.15268564224243,0.5,0.0,0.5,0.0,0.5146484375,0.029296874999994282,0.5048828125,0.7225,0.6175,0.10499999999999998,0.1,,,,,,
PGD_ep3_output_perturbation_scale0.2,PGD,3,output_perturbation,0.6915,0.6574,16.152629137039185,0.5,0.0,0.5,0.0,0.51171875,0.023437499999995448,0.50390625,0.715,0.62,0.09499999999999997,0.2,,,,,,
PGD_ep3_output_perturbation_scale0.3,PGD,3,output_perturbation,0.6674,0.6382,16.2254159450531,0.5,0.0,0.5,0.0,0.505859375,0.011718749999997724,0.501953125,0.7075,0.605,0.10250000000000004,0.3,,,,,,
PGD_ep3_output_perturbation_scale0.5,PGD,3,output_perturbation,0.67185,0.6308,16.145626068115234,0.5,0.0,0.5,0.0,0.5244140625,0.04882812499999045,0.5081380208333334,0.6875,0.5975,0.08999999999999997,0.5,,,,,,
PGD_ep3_input_perturbation_sigma0.01,PGD,3,input_perturbation,0.7053,0.6666,16.142927646636963,0.5,0.0,0.5,0.0,0.5361328125,0.0722656249999859,0.5120442708333334,0.73,0.62,0.10999999999999999,,0.01,,,,,
PGD_ep3_input_perturbation_sigma0.05,PGD,3,input_perturbation,0.667,0.6374,16.14822483062744,0.5,0.0,0.5,0.0,0.5078125,0.015624999999996947,0.5026041666666666,0.7,0.605,0.09499999999999997,,0.05,,,,,
PGD_ep3_input_perturbation_sigma0.1,PGD,3,input_perturbation,0.69775,0.6604,16.15296959877014,0.5,0.0,0.5,0.0,0.5302734375,0.06054687499998812,0.5100911458333334,0.7275,0.64,0.08750000000000002,,0.1,,,,,
PGD_ep3_input_perturbation_sigma0.2,PGD,3,input_perturbation,0.65715,0.6278,16.186761379241943,0.5,0.0,0.5,0.0,0.515625,0.031249999999993894,0.5052083333333334,0.6775,0.6125,0.06499999999999995,,0.2,,,,,
PGD_ep3_input_perturbation_sigma0.5,PGD,3,input_perturbation,0.3909,0.3872,16.149250268936157,0.5,0.0,0.5,0.0,0.4951171875,-0.009765624999998113,0.4983723958333333,0.375,0.355,0.020000000000000018,,0.5,,,,,
PGD_ep3_input_perturbation_sigma1.0,PGD,3,input_perturbation,0.2158,0.2172,16.14053988456726,0.5,0.0,0.5,0.0,0.4931640625,-0.013671874999997335,0.4977213541666667,0.2025,0.195,0.007500000000000007,,1.0,,,,,
PGD_ep3_test_time_augmentation_num_augmentations1,PGD,3,test_time_augmentation,0.58035,0.559,16.162471055984497,0.5,0.0,0.5,0.0,0.5205078125,0.04101562499999195,0.5068359375,0.53,0.5725,-0.04249999999999998,,,1.0,,,,
PGD_ep3_test_time_augmentation_num_augmentations3,PGD,3,test_time_augmentation,0.5872,0.5522,16.774033546447754,0.5,0.0,0.5,0.0,0.5087890625,0.017578124999996586,0.5029296875,0.6,0.5625,0.03749999999999998,,,3.0,,,,
PGD_ep3_test_time_augmentation_num_augmentations5,PGD,3,test_time_augmentation,0.5808,0.5658,17.300345420837402,0.5,0.0,0.5,0.0,0.5048828125,0.009765624999998085,0.5016276041666666,0.5875,0.5925,-0.0050000000000000044,,,5.0,,,,
PGD_ep3_test_time_augmentation_num_augmentations7,PGD,3,test_time_augmentation,0.58105,0.5664,17.867027044296265,0.5,0.0,0.5,0.0,0.50390625,0.0078124999999984734,0.5013020833333334,0.6325,0.5775,0.05499999999999994,,,7.0,,,,
PGD_ep3_test_time_augmentation_num_augmentations10,PGD,3,test_time_augmentation,0.5936,0.56,18.75537896156311,0.5,0.0,0.5,0.0,0.5029296875,0.005859374999998834,0.5009765625,0.6325,0.5425,0.08999999999999997,,,10.0,,,,
PGD_ep3_temperature_scaled_temp1.0,PGD,3,temperature_scaled,0.70195,0.6664,16.18939208984375,0.5,0.0,0.5,0.0,0.5341796875,0.06835937499998668,0.5113932291666666,0.73,0.625,0.10499999999999998,,,,1.0,,,
PGD_ep3_temperature_scaled_temp1.5,PGD,3,temperature_scaled,0.6828,0.6526,16.14172601699829,0.5,0.0,0.5,0.0,0.498046875,-0.0039062499999992367,0.4993489583333333,0.71,0.6175,0.09249999999999992,,,,1.5,,,
PGD_ep3_temperature_scaled_temp2.0,PGD,3,temperature_scaled,0.67885,0.6474,16.131657123565674,0.5,0.0,0.5,0.0,0.50390625,0.0078124999999984734,0.5013020833333334,0.71,0.6125,0.09749999999999992,,,,2.0,,,
PGD_ep3_temperature_scaled_temp3.0,PGD,3,temperature_scaled,0.69125,0.6596,16.13732385635376,0.5,0.0,0.5,0.0,0.5,0.0,0.5,0.7225,0.6175,0.10499999999999998,,,,3.0,,,
PGD_ep3_temperature_scaled_temp5.0,PGD,3,temperature_scaled,0.70055,0.6642,16.197836875915527,0.5,0.0,0.5,0.0,0.5,0.0,0.5,0.7275,0.6325,0.09500000000000008,,,,5.0,,,
PGD_ep3_temperature_scaled_temp10.0,PGD,3,temperature_scaled,0.69065,0.6578,16.135396480560303,0.5,0.0,0.5,0.0,0.5,0.0,0.5,0.725,0.6175,0.10749999999999993,,,,10.0,,,
PGD_ep3_response_limited_topk_top_k1,PGD,3,response_limited_topk,0.6906,0.6582,16.141100645065308,0.5,0.0,0.5,0.0,0.5,0.0,0.5,0.72,0.6175,0.10249999999999992,,,,,1.0,,
PGD_ep3_response_limited_topk_top_k2,PGD,3,response_limited_topk,0.68045,0.6496,16.144099712371826,0.5,0.0,0.5,0.0,0.5,0.0,0.5,0.71,0.6125,0.09749999999999992,,,,,2.0,,
PGD_ep3_response_limited_topk_top_k3,PGD,3,response_limited_topk,0.7016,0.666,16.193803071975708,0.5,0.0,0.5,0.0,0.5263671875,0.052734374999989675,0.5087890625,0.73,0.6225,0.10749999999999993,,,,,3.0,,
PGD_ep3_response_limited_topk_top_k4,PGD,3,response_limited_topk,0.6615,0.634,16.12985610961914,0.5,0.0,0.5,0.0,0.513671875,0.02734374999999467,0.5045572916666666,0.6875,0.5975,0.08999999999999997,,,,,4.0,,
PGD_ep3_response_limited_topk_top_k5,PGD,3,response_limited_topk,0.70655,0.6666,16.160099744796753,0.5,0.0,0.5,0.0,0.5341796875,0.06835937499998668,0.5113932291666666,0.7325,0.615,0.11750000000000005,,,,,5.0,,
PGD_ep3_response_limited_hard_hard_labelTrue,PGD,3,response_limited_hard,0.707,0.6668,16.13784623146057,0.5,0.0,0.5,0.0,0.5,0.0,0.5,0.735,0.61,0.125,,,,,,True,
PGD_ep3_adaptive_noise_alpha0.1,PGD,3,adaptive_noise,0.6842,0.6508,16.189229488372803,0.5,0.0,0.5,0.0,0.5166015625,0.033203124999993505,0.5055338541666666,0.71,0.61,0.09999999999999998,,,,,,,0.1
PGD_ep3_adaptive_noise_alpha0.3,PGD,3,adaptive_noise,0.688,0.6536,16.131730794906616,0.5,0.0,0.5,0.0,0.5029296875,0.005859374999998834,0.5009765625,0.7075,0.6375,0.07000000000000006,,,,,,,0.3
PGD_ep3_adaptive_noise_alpha0.5,PGD,3,adaptive_noise,0.69655,0.6636,16.15498995780945,0.5,0.0,0.5,0.0,0.517578125,0.03515624999999317,0.505859375,0.73,0.6225,0.10749999999999993,,,,,,,0.5
PGD_ep3_adaptive_noise_alpha0.7,PGD,3,adaptive_noise,0.64725,0.6228,16.15170979499817,0.5,0.0,0.4990234375,-0.0019531249999996184,0.48828125,-0.023437499999995393,0.4957682291666667,0.67,0.585,0.08500000000000008,,,,,,,0.7
PGD_ep3_adaptive_noise_alpha1.0,PGD,3,adaptive_noise,0.6767,0.6436,16.186487913131714,0.5,0.0,0.5,0.0,0.5048828125,0.009765624999998113,0.5016276041666666,0.715,0.6075,0.10749999999999993,,,,,,,1.0
PGD_ep5_none_,PGD,5,none,0.65195,0.6214,26.45494508743286,0.5,0.0,0.5,0.0,0.5126953125,0.02539062499999506,0.5042317708333334,0.6925,0.615,0.07750000000000001,,,,,,,
PGD_ep5_output_perturbation_scale0.05,PGD,5,output_perturbation,0.6785,0.6334,26.454431295394897,0.5,0.0,0.5,0.0,0.5390625,0.07812499999998473,0.5130208333333334,0.7,0.5975,0.10249999999999992,0.05,,,,,,
PGD_ep5_output_perturbation_scale0.1,PGD,5,output_perturbation,0.6527,0.6224,26.51347064971924,0.5,0.0,0.5,0.0,0.513671875,0.02734374999999467,0.5045572916666666,0.6825,0.6125,0.06999999999999995,0.1,,,,,,
PGD_ep5_output_perturbation_scale0.2,PGD,5,output_perturbation,0.6418,0.61,26.457494974136353,0.5,0.0,0.5,0.0,0.513671875,0.02734374999999467,0.5045572916666666,0.6725,0.6075,0.06499999999999995,0.2,,,,,,
PGD_ep5_output_perturbation_scale0.3,PGD,5,output_perturbation,0.6703,0.6238,26.46314525604248,0.5,0.0,0.5,0.0,0.53515625,0.07031249999998623,0.51171875,0.695,0.5925,0.10249999999999992,0.3,,,,,,
PGD_ep5_output_perturbation_scale0.5,PGD,5,output_perturbation,0.65935,0.6214,26.49384903907776,0.5,0.0,0.5,0.0,0.5419921875,0.08398437499998362,0.5139973958333334,0.6825,0.615,0.0675,0.5,,,,,,
PGD_ep5_input_perturbation_sigma0.01,PGD,5,input_perturbation,0.66585,0.6338,26.446420669555664,0.5,0.0,0.5,0.0,0.5302734375,0.060546874999988176,0.5100911458333334,0.6975,0.6225,0.07499999999999996,,0.01,,,,,
PGD_ep5_input_perturbation_sigma0.05,PGD,5,input_perturbation,0.6771,0.6338,26.456615209579468,0.5,0.0,0.5,0.0,0.53515625,0.07031249999998623,0.51171875,0.69,0.6075,0.0824999999999999,,0.05,,,,,
PGD_ep5_input_perturbation_sigma0.1,PGD,5,input_perturbation,0.6667,0.6292,26.51162576675415,0.5,0.0,0.5,0.0,0.5234375,0.04687499999999084,0.5078125,0.69,0.6075,0.0824999999999999,,0.1,,,,,
PGD_ep5_input_perturbation_sigma0.2,PGD,5,input_perturbation,0.61255,0.5892,26.46456480026245,0.5,0.0,0.5,0.0,0.5068359375,0.013671874999997335,0.5022786458333334,0.605,0.55,0.05499999999999994,,0.2,,,,,
PGD_ep5_input_perturbation_sigma0.5,PGD,5,input_perturbation,0.4079,0.4058,26.465576887130737,0.5,0.0,0.5,0.0,0.501953125,0.003906249999999223,0.5006510416666666,0.395,0.3925,0.0025000000000000022,,0.5,,,,,
PGD_ep5_input_perturbation_sigma1.0,PGD,5,input_perturbation,0.2028,0.2102,26.54139280319214,0.5,0.0,0.5,0.0,0.4697265625,-0.060546874999988176,0.4899088541666667,0.1975,0.2,-0.0025000000000000022,,1.0,,,,,
PGD_ep5_test_time_augmentation_num_augmentations1,PGD,5,test_time_augmentation,0.5525,0.5016,26.484206438064575,0.5,0.0,0.5,0.0,0.525390625,0.050781249999990064,0.5084635416666666,0.545,0.425,0.12000000000000005,,,1.0,,,,
PGD_ep5_test_time_augmentation_num_augmentations3,PGD,5,test_time_augmentation,0.5659,0.5638,27.130127429962158,0.5,0.0,0.5,0.0,0.509765625,0.01953124999999617,0.5032552083333334,0.6325,0.575,0.057499999999999996,,,3.0,,,,
PGD_ep5_test_time_augmentation_num_augmentations5,PGD,5,test_time_augmentation,0.57685,0.557,27.638647079467773,0.5,0.0,0.5,0.0,0.509765625,0.019531249999996225,0.5032552083333334,0.6075,0.54,0.0675,,,5.0,,,,
PGD_ep5_test_time_augmentation_num_augmentations7,PGD,5,test_time_augmentation,0.5798,0.5516,28.216044425964355,0.5,0.0,0.5,0.0,0.50390625,0.007812499999998446,0.5013020833333334,0.5975,0.59,0.007500000000000062,,,7.0,,,,
PGD_ep5_test_time_augmentation_num_augmentations10,PGD,5,test_time_augmentation,0.5941,0.57,29.141058921813965,0.5,0.0,0.5,0.0,0.5224609375,0.04492187499999123,0.5074869791666666,0.6175,0.595,0.022500000000000075,,,10.0,,,,
PGD_ep5_temperature_scaled_temp1.0,PGD,5,temperature_scaled,0.64245,0.6152,26.479209661483765,0.5,0.0,0.5,0.0,0.5068359375,0.013671874999997335,0.5022786458333334,0.6725,0.615,0.057499999999999996,,,,1.0,,,
PGD_ep5_temperature_scaled_temp1.5,PGD,5,temperature_scaled,0.6584,0.6274,26.462181091308594,0.5,0.0,0.5,0.0,0.5107421875,0.02148437499999581,0.5035807291666666,0.695,0.6175,0.0774999999999999,,,,1.5,,,
PGD_ep5_temperature_scaled_temp2.0,PGD,5,temperature_scaled,0.65635,0.6248,26.5176203250885,0.5,0.0,0.5,0.0,0.5029296875,0.005859374999998855,0.5009765625,0.6925,0.6125,0.07999999999999996,,,,2.0,,,
PGD_ep5_temperature_scaled_temp3.0,PGD,5,temperature_scaled,0.65065,0.62,26.460925340652466,0.5,0.0,0.5,0.0,0.5,0.0,0.5,0.695,0.615,0.07999999999999996,,,,3.0,,,
PGD_ep5_temperature_scaled_temp5.0,PGD,5,temperature_scaled,0.6705,0.6346,26.463396787643433,0.5,0.0,0.5,0.0,0.5,0.0,0.5,0.705,0.6125,0.09249999999999992,,,,5.0,,,
PGD_ep5_temperature_scaled_temp10.0,PGD,5,temperature_scaled,0.6755,0.6346,26.52619171142578,0.5,0.0,0.5,0.0,0.5,0.0,0.5,0.7,0.62,0.07999999999999996,,,,10.0,,,
PGD_ep5_response_limited_topk_top_k1,PGD,5,response_limited_topk,0.64715,0.6174,26.467926263809204,0.5,0.0,0.5,0.0,0.5,0.0,0.5,0.6875,0.6125,0.07499999999999996,,,,,1.0,,
PGD_ep5_response_limited_topk_top_k2,PGD,5,response_limited_topk,0.6714,0.6342,26.468332529067993,0.5,0.0,0.5,0.0,0.5,0.0,0.5,0.6925,0.6125,0.07999999999999996,,,,,2.0,,
PGD_ep5_response_limited_topk_top_k3,PGD,5,response_limited_topk,0.67645,0.6354,26.51333260536194,0.5,0.0,0.5,0.0,0.52734375,0.05468749999998923,0.5091145833333334,0.7,0.62,0.07999999999999996,,,,,3.0,,
PGD_ep5_response_limited_topk_top_k4,PGD,5,response_limited_topk,0.6667,0.634,26.47429585456848,0.5,0.0,0.5,0.0,0.533203125,0.06640624999998712,0.5110677083333334,0.7,0.6225,0.0774999999999999,,,,,4.0,,
PGD_ep5_response_limited_topk_top_k5,PGD,5,response_limited_topk,0.6471,0.6182,26.462228298187256,0.5,0.0,0.5,0.0,0.517578125,0.03515624999999312,0.505859375,0.6875,0.6225,0.06499999999999995,,,,,5.0,,
PGD_ep5_response_limited_hard_hard_labelTrue,PGD,5,response_limited_hard,0.67535,0.6354,26.514658212661743,0.5,0.0,0.5,0.0,0.5,0.0,0.5,0.6925,0.6175,0.07499999999999996,,,,,,True,
PGD_ep5_adaptive_noise_alpha0.1,PGD,5,adaptive_noise,0.67005,0.6342,26.46642231941223,0.5,0.0,0.5,0.0,0.5419921875,0.08398437499998362,0.5139973958333334,0.7025,0.6125,0.08999999999999997,,,,,,,0.1
PGD_ep5_adaptive_noise_alpha0.3,PGD,5,adaptive_noise,0.66365,0.6328,26.55483317375183,0.5,0.0,0.5,0.0,0.525390625,0.050781249999990064,0.5084635416666666,0.705,0.62,0.08499999999999996,,,,,,,0.3
PGD_ep5_adaptive_noise_alpha0.5,PGD,5,adaptive_noise,0.67855,0.6386,26.470872163772583,0.5,0.0,0.5,0.0,0.5302734375,0.06054687499998823,0.5100911458333334,0.685,0.6,0.08500000000000008,,,,,,,0.5
PGD_ep5_adaptive_noise_alpha0.7,PGD,5,adaptive_noise,0.6721,0.6302,26.465721368789673,0.5,0.0,0.5,0.0,0.5517578125,0.1035156249999798,0.5172526041666666,0.69,0.61,0.07999999999999996,,,,,,,0.7
PGD_ep5_adaptive_noise_alpha1.0,PGD,5,adaptive_noise,0.64825,0.6126,26.511253595352173,0.5,0.0,0.5,0.0,0.5146484375,0.029296874999994227,0.5048828125,0.6875,0.61,0.07750000000000001,,,,,,,1.0
PGD_ep7_none_,PGD,7,none,0.61405,0.5812,36.772319078445435,0.5,0.0,0.5,0.0,0.515625,0.031249999999993894,0.5052083333333334,0.6425,0.6075,0.03499999999999992,,,,,,,
PGD_ep7_output_perturbation_scale0.05,PGD,7,output_perturbation,0.63305,0.5892,36.86208772659302,0.5,0.0,0.5,0.0,0.529296875,0.058593749999988565,0.509765625,0.6475,0.575,0.07250000000000001,0.05,,,,,,
PGD_ep7_output_perturbation_scale0.1,PGD,7,output_perturbation,0.63705,0.5978,36.78086829185486,0.5,0.0,0.5,0.0,0.53515625,0.07031249999998623,0.51171875,0.655,0.59,0.06500000000000006,0.1,,,,,,
PGD_ep7_output_perturbation_scale0.2,PGD,7,output_perturbation,0.61085,0.5778,36.76969623565674,0.5,0.0,0.5,0.0,0.51171875,0.023437499999995393,0.50390625,0.63,0.6,0.030000000000000027,0.2,,,,,,
PGD_ep7_output_perturbation_scale0.3,PGD,7,output_perturbation,0.62755,0.5836,36.83914256095886,0.5,0.0,0.5,0.0,0.529296875,0.05859374999998851,0.509765625,0.645,0.5625,0.08250000000000002,0.3,,,,,,
PGD_ep7_output_perturbation_scale0.5,PGD,7,output_perturbation,0.61045,0.5708,50.89702105522156,0.5,0.0,0.5,0.0,0.5283203125,0.05664062499998895,0.5094401041666666,0.6225,0.5625,0.06000000000000005,0.5,,,,,,
PGD_ep7_input_perturbation_sigma0.01,PGD,7,input_perturbation,0.6336,0.5932,37.45619010925293,0.5,0.0,0.5,0.0,0.5380859375,0.07617187499998512,0.5126953125,0.6525,0.5825,0.06999999999999995,,0.01,,,,,
PGD_ep7_input_perturbation_sigma0.05,PGD,7,input_perturbation,0.62025,0.583,36.770904541015625,0.5,0.0,0.5,0.0,0.517578125,0.03515624999999312,0.505859375,0.645,0.6,0.04500000000000004,,0.05,,,,,
PGD_ep7_input_perturbation_sigma0.1,PGD,7,input_perturbation,0.61285,0.5784,36.82772159576416,0.5,0.0,0.5,0.0,0.509765625,0.01953124999999617,0.5032552083333334,0.645,0.58,0.06500000000000006,,0.1,,,,,
PGD_ep7_input_perturbation_sigma0.2,PGD,7,input_perturbation,0.59885,0.5632,36.7681622505188,0.5,0.0,0.5,0.0,0.5234375,0.04687499999999084,0.5078125,0.615,0.5225,0.09250000000000003,,0.2,,,,,
PGD_ep7_input_perturbation_sigma0.5,PGD,7,input_perturbation,0.39375,0.3932,36.82938098907471,0.5,0.0,0.5,0.0,0.51171875,0.023437499999995393,0.50390625,0.3825,0.3775,0.0050000000000000044,,0.5,,,,,
PGD_ep7_input_perturbation_sigma1.0,PGD,7,input_perturbation,0.1925,0.201,36.78087258338928,0.5,0.0,0.5,0.0,0.4853515625,-0.029296874999994227,0.4951171875,0.205,0.1875,0.017499999999999988,,1.0,,,,,
PGD_ep7_test_time_augmentation_num_augmentations1,PGD,7,test_time_augmentation,0.5067,0.5056,38.10562753677368,0.5,0.0,0.5,0.0,0.4912109375,-0.01757812499999656,0.4970703125,0.5375,0.465,0.07249999999999995,,,1.0,,,,
PGD_ep7_test_time_augmentation_num_augmentations3,PGD,7,test_time_augmentation,0.53955,0.513,37.36758780479431,0.5,0.0,0.5,0.0,0.509765625,0.01953124999999617,0.5032552083333334,0.57,0.5275,0.04249999999999998,,,3.0,,,,
PGD_ep7_test_time_augmentation_num_augmentations5,PGD,7,test_time_augmentation,0.5485,0.5282,37.96385717391968,0.5,0.0,0.5,0.0,0.509765625,0.01953124999999617,0.5032552083333334,0.565,0.5125,0.05249999999999999,,,5.0,,,,
PGD_ep7_test_time_augmentation_num_augmentations7,PGD,7,test_time_augmentation,0.5526,0.5302,38.59560966491699,0.5,0.0,0.5,0.0,0.509765625,0.019531249999996225,0.5032552083333334,0.6,0.5425,0.057499999999999996,,,7.0,,,,
PGD_ep7_test_time_augmentation_num_augmentations10,PGD,7,test_time_augmentation,0.54965,0.5308,39.39810013771057,0.5,0.0,0.5,0.0,0.5068359375,0.013671874999997335,0.5022786458333334,0.5875,0.545,0.04249999999999998,,,10.0,,,,
PGD_ep7_temperature_scaled_temp1.0,PGD,7,temperature_scaled,0.61935,0.5812,36.84001016616821,0.5,0.0,0.5,0.0,0.513671875,0.02734374999999467,0.5045572916666666,0.6475,0.6025,0.04499999999999993,,,,1.0,,,
PGD_ep7_temperature_scaled_temp1.5,PGD,7,temperature_scaled,0.6166,0.5792,36.778642892837524,0.5,0.0,0.5,0.0,0.501953125,0.0039062499999992506,0.5006510416666666,0.645,0.6,0.04500000000000004,,,,1.5,,,
PGD_ep7_temperature_scaled_temp2.0,PGD,7,temperature_scaled,0.6351,0.5982,36.81909394264221,0.5,0.0,0.5,0.0,0.5078125,0.015624999999996947,0.5026041666666666,0.6575,0.585,0.07250000000000001,,,,2.0,,,
PGD_ep7_temperature_scaled_temp3.0,PGD,7,temperature_scaled,0.63095,0.585,36.780601263046265,0.5,0.0,0.5,0.0,0.5,0.0,0.5,0.655,0.59,0.06500000000000006,,,,3.0,,,
PGD_ep7_temperature_scaled_temp5.0,PGD,7,temperature_scaled,0.63245,0.5886,36.84052085876465,0.5,0.0,0.5,0.0,0.5,0.0,0.5,0.65,0.5875,0.0625,,,,5.0,,,
PGD_ep7_temperature_scaled_temp10.0,PGD,7,temperature_scaled,0.61385,0.5792,36.79171681404114,0.5,0.0,0.5,0.0,0.5,0.0,0.5,0.6375,0.5975,0.039999999999999925,,,,10.0,,,
PGD_ep7_response_limited_topk_top_k1,PGD,7,response_limited_topk,0.6359,0.5932,37.19220495223999,0.5,0.0,0.5,0.0,0.5,0.0,0.5,0.655,0.585,0.07000000000000006,,,,,1.0,,
PGD_ep7_response_limited_topk_top_k2,PGD,7,response_limited_topk,0.63285,0.59,54.80975937843323,0.5,0.0,0.5,0.0,0.5,0.0,0.5,0.655,0.58,0.07500000000000007,,,,,2.0,,
PGD_ep7_response_limited_topk_top_k3,PGD,7,response_limited_topk,0.6172,0.582,36.93784475326538,0.5,0.0,0.5,0.0,0.525390625,0.05078124999999012,0.5084635416666666,0.6425,0.61,0.03249999999999997,,,,,3.0,,
PGD_ep7_response_limited_topk_top_k4,PGD,7,response_limited_topk,0.61865,0.5802,36.83497095108032,0.5,0.0,0.5,0.0,0.5390625,0.07812499999998468,0.5130208333333334,0.6425,0.6,0.04249999999999998,,,,,4.0,,
PGD_ep7_response_limited_topk_top_k5,PGD,7,response_limited_topk,0.63695,0.5976,36.78294849395752,0.5,0.0,0.5,0.0,0.5341796875,0.06835937499998668,0.5113932291666666,0.6625,0.585,0.07750000000000001,,,,,5.0,,
PGD_ep7_response_limited_hard_hard_labelTrue,PGD,7,response_limited_hard,0.62405,0.585,37.42316460609436,0.5,0.0,0.5,0.0,0.5,0.0,0.5,0.65,0.5925,0.057499999999999996,,,,,,True,
PGD_ep7_adaptive_noise_alpha0.1,PGD,7,adaptive_noise,0.6315,0.589,38.258731842041016,0.5,0.0,0.5,0.0,0.5263671875,0.052734374999989675,0.5087890625,0.65,0.595,0.05500000000000005,,,,,,,0.1
PGD_ep7_adaptive_noise_alpha0.3,PGD,7,adaptive_noise,0.63415,0.594,36.84604263305664,0.5,0.0,0.5,0.0,0.5283203125,0.0566406249999889,0.5094401041666666,0.65,0.555,0.09499999999999997,,,,,,,0.3
PGD_ep7_adaptive_noise_alpha0.5,PGD,7,adaptive_noise,0.61535,0.581,37.00059652328491,0.5,0.0,0.5,0.0,0.513671875,0.02734374999999467,0.5045572916666666,0.6375,0.59,0.04749999999999999,,,,,,,0.5
PGD_ep7_adaptive_noise_alpha0.7,PGD,7,adaptive_noise,0.6085,0.5794,43.96529984474182,0.5,0.0,0.5,0.0,0.5185546875,0.03710937499999273,0.5061848958333334,0.6225,0.5975,0.025000000000000022,,,,,,,0.7
PGD_ep7_adaptive_noise_alpha1.0,PGD,7,adaptive_noise,0.6229,0.5788,36.768425703048706,0.5,0.0,0.5,0.0,0.51171875,0.023437499999995393,0.50390625,0.63,0.57,0.06000000000000005,,,,,,,1.0
PGD_ep10_none_,PGD,10,none,0.5379,0.5034,52.292524576187134,0.5,0.0,0.5,0.0,0.5361328125,0.07226562499998584,0.5120442708333334,0.545,0.495,0.050000000000000044,,,,,,,
PGD_ep10_output_perturbation_scale0.05,PGD,10,output_perturbation,0.5529,0.5194,52.23713135719299,0.5,0.0,0.5,0.0,0.5458984375,0.09179687499998207,0.5152994791666666,0.5575,0.4775,0.08000000000000002,0.05,,,,,,
PGD_ep10_output_perturbation_scale0.1,PGD,10,output_perturbation,0.52135,0.4928,52.293339252471924,0.5,0.0,0.5,0.0,0.5419921875,0.08398437499998357,0.5139973958333334,0.5025,0.485,0.01749999999999996,0.1,,,,,,
PGD_ep10_output_perturbation_scale0.2,PGD,10,output_perturbation,0.53935,0.5084,52.33006143569946,0.5,0.0,0.5,0.0,0.55078125,0.10156249999998018,0.5169270833333334,0.5475,0.4875,0.06,0.2,,,,,,
PGD_ep10_output_perturbation_scale0.3,PGD,10,output_perturbation,0.5411,0.5062,52.23597526550293,0.5,0.0,0.5,0.0,0.548828125,0.0976562499999809,0.5162760416666666,0.5325,0.4875,0.044999999999999984,0.3,,,,,,
PGD_ep10_output_perturbation_scale0.5,PGD,10,output_perturbation,0.52115,0.4906,52.28002142906189,0.5,0.0,0.5,0.0,0.5322265625,0.06445312499998745,0.5107421875,0.515,0.4825,0.03250000000000003,0.5,,,,,,
PGD_ep10_input_perturbation_sigma0.01,PGD,10,input_perturbation,0.54625,0.5108,52.255666732788086,0.5,0.0,0.5,0.0,0.5458984375,0.09179687499998213,0.5152994791666666,0.5575,0.495,0.0625,,0.01,,,,,
PGD_ep10_input_perturbation_sigma0.05,PGD,10,input_perturbation,0.5214,0.4928,52.30148983001709,0.5,0.0,0.5,0.0,0.5400390625,0.08007812499998435,0.5133463541666666,0.51,0.485,0.025000000000000022,,0.05,,,,,
PGD_ep10_input_perturbation_sigma0.1,PGD,10,input_perturbation,0.51385,0.4868,52.3179976940155,0.5,0.0,0.5,0.0,0.5234375,0.04687499999999084,0.5078125,0.485,0.475,0.010000000000000009,,0.1,,,,,
PGD_ep10_input_perturbation_sigma0.2,PGD,10,input_perturbation,0.51645,0.487,52.25302839279175,0.5,0.0,0.5,0.0,0.5322265625,0.0644531249999874,0.5107421875,0.515,0.4525,0.0625,,0.2,,,,,
PGD_ep10_input_perturbation_sigma0.5,PGD,10,input_perturbation,0.3387,0.3332,52.29582166671753,0.5,0.0,0.5,0.0,0.5048828125,0.009765624999998057,0.5016276041666666,0.315,0.31,0.0050000000000000044,,0.5,,,,,
PGD_ep10_input_perturbation_sigma1.0,PGD,10,input_perturbation,0.1767,0.1814,52.248387813568115,0.5,0.0,0.5,0.0,0.4970703125,-0.005859374999998834,0.4990234375,0.165,0.1725,-0.007499999999999979,,1.0,,,,,
PGD_ep10_test_time_augmentation_num_augmentations1,PGD,10,test_time_augmentation,0.42035,0.4148,59.04942750930786,0.5,0.0,0.5,0.0,0.4921875,-0.015624999999996947,0.4973958333333333,0.4375,0.345,0.09250000000000003,,,1.0,,,,
PGD_ep10_test_time_augmentation_num_augmentations3,PGD,10,test_time_augmentation,0.48575,0.4686,53.06291842460632,0.5,0.0,0.5,0.0,0.5439453125,0.08789062499998285,0.5146484375,0.475,0.455,0.019999999999999962,,,3.0,,,,
PGD_ep10_test_time_augmentation_num_augmentations5,PGD,10,test_time_augmentation,0.46255,0.4522,53.41573143005371,0.5,0.0,0.5,0.0,0.515625,0.031249999999993894,0.5052083333333334,0.5025,0.445,0.05749999999999994,,,5.0,,,,
PGD_ep10_test_time_augmentation_num_augmentations7,PGD,10,test_time_augmentation,0.4981,0.4756,54.03827261924744,0.5,0.0,0.5,0.0,0.509765625,0.01953124999999617,0.5032552083333334,0.5025,0.45,0.052499999999999936,,,7.0,,,,
PGD_ep10_test_time_augmentation_num_augmentations10,PGD,10,test_time_augmentation,0.46685,0.4582,54.8459837436676,0.5,0.0,0.5,0.0,0.501953125,0.003906249999999223,0.5006510416666666,0.4925,0.46,0.03249999999999997,,,10.0,,,,
PGD_ep10_temperature_scaled_temp1.0,PGD,10,temperature_scaled,0.55605,0.5212,52.29983139038086,0.5,0.0,0.5,0.0,0.5458984375,0.09179687499998207,0.5152994791666666,0.56,0.4825,0.07750000000000007,,,,1.0,,,
PGD_ep10_temperature_scaled_temp1.5,PGD,10,temperature_scaled,0.52265,0.4948,59.23793983459473,0.5,0.0,0.5,0.0,0.529296875,0.058593749999988565,0.509765625,0.515,0.48,0.03500000000000003,,,,1.5,,,
PGD_ep10_temperature_scaled_temp2.0,PGD,10,temperature_scaled,0.52005,0.4904,102.65878486633301,0.5,0.0,0.5,0.0,0.5107421875,0.021484374999995802,0.5035807291666666,0.505,0.4725,0.03250000000000003,,,,2.0,,,
PGD_ep10_temperature_scaled_temp3.0,PGD,10,temperature_scaled,0.5438,0.5106,54.49265170097351,0.5,0.0,0.5,0.0,0.5,0.0,0.5,0.5575,0.5,0.057499999999999996,,,,3.0,,,
PGD_ep10_temperature_scaled_temp5.0,PGD,10,temperature_scaled,0.52195,0.4934,52.87196063995361,0.5,0.0,0.5,0.0,0.5,0.0,0.5,0.5175,0.485,0.03249999999999997,,,,5.0,,,
PGD_ep10_temperature_scaled_temp10.0,PGD,10,temperature_scaled,0.5204,0.4896,52.2339186668396,0.5,0.0,0.5,0.0,0.5,0.0,0.5,0.51,0.475,0.03500000000000003,,,,10.0,,,
PGD_ep10_response_limited_topk_top_k1,PGD,10,response_limited_topk,0.5405,0.5076,58.82565903663635,0.5,0.0,0.5,0.0,0.5,0.0,0.5,0.54,0.485,0.05500000000000005,,,,,1.0,,
PGD_ep10_response_limited_topk_top_k2,PGD,10,response_limited_topk,0.5445,0.5112,52.28965425491333,0.5,0.0,0.5,0.0,0.5,0.0,0.5,0.5575,0.4975,0.06,,,,,2.0,,
PGD_ep10_response_limited_topk_top_k3,PGD,10,response_limited_topk,0.5175,0.4846,52.31214737892151,0.5,0.0,0.5,0.0,0.5224609375,0.04492187499999123,0.5074869791666666,0.5075,0.47,0.03749999999999998,,,,,3.0,,
PGD_ep10_response_limited_topk_top_k4,PGD,10,response_limited_topk,0.53535,0.504,52.302000522613525,0.5,0.0,0.5,0.0,0.5361328125,0.0722656249999859,0.5120442708333334,0.53,0.4875,0.04250000000000004,,,,,4.0,,
PGD_ep10_response_limited_topk_top_k5,PGD,10,response_limited_topk,0.54505,0.5104,52.246259689331055,0.5,0.0,0.5,0.0,0.5439453125,0.08789062499998279,0.5146484375,0.56,0.495,0.06500000000000006,,,,,5.0,,
PGD_ep10_response_limited_hard_hard_labelTrue,PGD,10,response_limited_hard,0.5231,0.4932,52.6268630027771,0.5,0.0,0.5,0.0,0.5,0.0,0.5,0.5125,0.485,0.02749999999999997,,,,,,True,
PGD_ep10_adaptive_noise_alpha0.1,PGD,10,adaptive_noise,0.5364,0.5034,52.48311805725098,0.5,0.0,0.5,0.0,0.5419921875,0.08398437499998362,0.5139973958333334,0.5375,0.485,0.05249999999999999,,,,,,,0.1
PGD_ep10_adaptive_noise_alpha0.3,PGD,10,adaptive_noise,0.55695,0.5228,52.301084756851196,0.5,0.0,0.5,0.0,0.552734375,0.10546874999997935,0.517578125,0.5575,0.4775,0.08000000000000002,,,,,,,0.3
PGD_ep10_adaptive_noise_alpha0.5,PGD,10,adaptive_noise,0.5302,0.4996,52.29436898231506,0.5,0.0,0.5,0.0,0.537109375,0.07421874999998546,0.5123697916666666,0.52,0.48,0.040000000000000036,,,,,,,0.5
PGD_ep10_adaptive_noise_alpha0.7,PGD,10,adaptive_noise,0.5183,0.4868,52.25310659408569,0.5,0.0,0.5,0.0,0.533203125,0.06640624999998707,0.5110677083333334,0.515,0.4875,0.027500000000000024,,,,,,,0.7
PGD_ep10_adaptive_noise_alpha1.0,PGD,10,adaptive_noise,0.51185,0.4794,52.3032660484314,0.5,0.0,0.5,0.0,0.548828125,0.09765624999998096,0.5162760416666666,0.505,0.455,0.04999999999999999,,,,,,,1.0
FGSM_ep1_none_,FGSM,1,none,0.9109,0.8292,2.087127923965454,0.5,0.0,0.5,0.0,0.57421875,0.14843749999997102,0.5247395833333334,0.9,0.5125,0.38750000000000007,,,,,,,
FGSM_ep1_output_perturbation_scale0.05,FGSM,1,output_perturbation,0.90915,0.8302,2.14984130859375,0.5,0.0,0.5,0.0,0.578125,0.15624999999996947,0.5260416666666666,0.9,0.51,0.39,0.05,,,,,,
FGSM_ep1_output_perturbation_scale0.1,FGSM,1,output_perturbation,0.91445,0.8348,2.08847713470459,0.5,0.0,0.5,0.0,0.5986328125,0.19726562499996148,0.5328776041666666,0.9025,0.495,0.4075,0.1,,,,,,
FGSM_ep1_output_perturbation_scale0.2,FGSM,1,output_perturbation,0.91265,0.8336,2.087750196456909,0.5,0.0,0.5,0.0,0.595703125,0.19140624999996259,0.5319010416666666,0.8975,0.4975,0.39999999999999997,0.2,,,,,,
FGSM_ep1_output_perturbation_scale0.3,FGSM,1,output_perturbation,0.9045,0.8288,2.1437528133392334,0.5,0.0,0.5,0.0,0.5849609375,0.1699218749999668,0.5283203125,0.905,0.5175,0.38750000000000007,0.3,,,,,,
FGSM_ep1_output_perturbation_scale0.5,FGSM,1,output_perturbation,0.88635,0.8018,2.101135730743408,0.5,0.0,0.5,0.0,0.5654296875,0.13085937499997446,0.5218098958333334,0.865,0.485,0.38,0.5,,,,,,
FGSM_ep1_input_perturbation_sigma0.01,FGSM,1,input_perturbation,0.9114,0.8288,2.0787453651428223,0.5,0.0,0.5,0.0,0.58203125,0.16406249999996791,0.52734375,0.9025,0.515,0.38749999999999996,,0.01,,,,,
FGSM_ep1_input_perturbation_sigma0.05,FGSM,1,input_perturbation,0.91205,0.832,2.1097679138183594,0.5,0.0,0.5,0.0,0.591796875,0.18359374999996414,0.5305989583333334,0.8975,0.5375,0.36,,0.05,,,,,
FGSM_ep1_input_perturbation_sigma0.1,FGSM,1,input_perturbation,0.8917,0.8138,2.0802440643310547,0.5,0.0,0.5,0.0,0.572265625,0.1445312499999718,0.5240885416666666,0.8575,0.6175,0.24,,0.1,,,,,
FGSM_ep1_input_perturbation_sigma0.2,FGSM,1,input_perturbation,0.7598,0.7094,2.1027584075927734,0.5,0.0,0.5,0.0,0.5166015625,0.033203124999993505,0.5055338541666666,0.76,0.6025,0.15749999999999997,,0.2,,,,,
FGSM_ep1_input_perturbation_sigma0.5,FGSM,1,input_perturbation,0.3066,0.2976,2.0859546661376953,0.5,0.0,0.5,0.0,0.4873046875,-0.025390624999995032,0.4957682291666667,0.3075,0.275,0.03249999999999997,,0.5,,,,,
FGSM_ep1_input_perturbation_sigma1.0,FGSM,1,input_perturbation,0.16525,0.164,2.1637935638427734,0.5,0.0,0.5,0.0,0.48828125,-0.023437499999995393,0.49609375,0.15,0.12,0.03,,1.0,,,,,
FGSM_ep1_test_time_augmentation_num_augmentations1,FGSM,1,test_time_augmentation,0.8311,0.767,2.86552357673645,0.5,0.0,0.5,0.0,0.517578125,0.03515624999999312,0.505859375,0.73,0.7075,0.022499999999999964,,,1.0,,,,
FGSM_ep1_test_time_augmentation_num_augmentations3,FGSM,1,test_time_augmentation,0.86485,0.7942,2.689295530319214,0.5,0.0,0.5,0.0,0.5888671875,0.17773437499996525,0.5296223958333334,0.8625,0.5975,0.265,,,3.0,,,,
FGSM_ep1_test_time_augmentation_num_augmentations5,FGSM,1,test_time_augmentation,0.8607,0.7894,3.253126859664917,0.5,0.0,0.5,0.0,0.537109375,0.07421874999998551,0.5123697916666666,0.8425,0.705,0.13750000000000007,,,5.0,,,,
FGSM_ep1_test_time_augmentation_num_augmentations7,FGSM,1,test_time_augmentation,0.8746,0.8084,3.837661027908325,0.5,0.0,0.5,0.0,0.5859375,0.17187499999996636,0.5286458333333334,0.87,0.7025,0.16749999999999998,,,7.0,,,,
FGSM_ep1_test_time_augmentation_num_augmentations10,FGSM,1,test_time_augmentation,0.87825,0.804,4.712612867355347,0.5,0.0,0.5,0.0,0.5810546875,0.16210937499996836,0.5270182291666666,0.8925,0.72,0.1725,,,10.0,,,,
FGSM_ep1_temperature_scaled_temp1.0,FGSM,1,temperature_scaled,0.9128,0.83,2.092259168624878,0.5,0.0,0.5,0.0,0.5849609375,0.1699218749999668,0.5283203125,0.905,0.51,0.395,,,,1.0,,,
FGSM_ep1_temperature_scaled_temp1.5,FGSM,1,temperature_scaled,0.91405,0.832,2.151845693588257,0.5,0.0,0.5,0.0,0.501953125,0.0039062499999992506,0.5006510416666666,0.9075,0.5025,0.405,,,,1.5,,,
FGSM_ep1_temperature_scaled_temp2.0,FGSM,1,temperature_scaled,0.91325,0.8304,2.0880465507507324,0.5,0.0,0.5,0.0,0.5,0.0,0.5,0.905,0.5075,0.3975000000000001,,,,2.0,,,
FGSM_ep1_temperature_scaled_temp3.0,FGSM,1,temperature_scaled,0.9155,0.8346,2.093262195587158,0.5,0.0,0.5,0.0,0.5,0.0,0.5,0.91,0.495,0.41500000000000004,,,,3.0,,,
FGSM_ep1_temperature_scaled_temp5.0,FGSM,1,temperature_scaled,0.9073,0.8262,2.078847646713257,0.5,0.0,0.5,0.0,0.5,0.0,0.5,0.905,0.5275,0.37750000000000006,,,,5.0,,,
FGSM_ep1_temperature_scaled_temp10.0,FGSM,1,temperature_scaled,0.91665,0.835,2.0847580432891846,0.5,0.0,0.5,0.0,0.5,0.0,0.5,0.9075,0.485,0.4225,,,,10.0,,,
FGSM_ep1_response_limited_topk_top_k1,FGSM,1,response_limited_topk,0.9165,0.8354,2.0890026092529297,0.5,0.0,0.5,0.0,0.5,0.0,0.5,0.9075,0.4825,0.425,,,,,1.0,,
FGSM_ep1_response_limited_topk_top_k2,FGSM,1,response_limited_topk,0.9127,0.8302,2.0817196369171143,0.5,0.0,0.5,0.0,0.5,0.0,0.5,0.91,0.51,0.4,,,,,2.0,,
FGSM_ep1_response_limited_topk_top_k3,FGSM,1,response_limited_topk,0.91635,0.8356,2.164301633834839,0.5,0.0,0.5,0.0,0.560546875,0.12109374999997635,0.5201822916666666,0.9075,0.4875,0.42,,,,,3.0,,
FGSM_ep1_response_limited_topk_top_k4,FGSM,1,response_limited_topk,0.9085,0.8272,2.116271734237671,0.5,0.0,0.5,0.0,0.5927734375,0.1855468749999638,0.5309244791666666,0.9,0.5225,0.37750000000000006,,,,,4.0,,
FGSM_ep1_response_limited_topk_top_k5,FGSM,1,response_limited_topk,0.9089,0.8272,2.0946872234344482,0.5,0.0,0.5,0.0,0.5966796875,0.19335937499996225,0.5322265625,0.9,0.5225,0.37750000000000006,,,,,5.0,,
FGSM_ep1_response_limited_hard_hard_labelTrue,FGSM,1,response_limited_hard,0.91675,0.8346,2.0893659591674805,0.5,0.0,0.5,0.0,0.5,0.0,0.5,0.9075,0.485,0.4225,,,,,,True,
FGSM_ep1_adaptive_noise_alpha0.1,FGSM,1,adaptive_noise,0.91585,0.8354,2.086968421936035,0.5,0.0,0.5,0.0,0.6005859375,0.2011718749999607,0.5335286458333334,0.9075,0.4775,0.43,,,,,,,0.1
FGSM_ep1_adaptive_noise_alpha0.3,FGSM,1,adaptive_noise,0.91185,0.8314,2.097433567047119,0.5,0.0,0.5,0.0,0.5869140625,0.17382812499996603,0.5289713541666666,0.91,0.505,0.405,,,,,,,0.3
FGSM_ep1_adaptive_noise_alpha0.5,FGSM,1,adaptive_noise,0.9123,0.8352,2.0883405208587646,0.5,0.0,0.5,0.0,0.5908203125,0.18164062499996458,0.5302734375,0.9025,0.48,0.4225,,,,,,,0.5
FGSM_ep1_adaptive_noise_alpha0.7,FGSM,1,adaptive_noise,0.9042,0.8216,2.165595293045044,0.5,0.0,0.5,0.0,0.5732421875,0.14648437499997136,0.5244140625,0.88,0.5275,0.35250000000000004,,,,,,,0.7
FGSM_ep1_adaptive_noise_alpha1.0,FGSM,1,adaptive_noise,0.8907,0.8082,2.093989133834839,0.5,0.0,0.5,0.0,0.5439453125,0.08789062499998279,0.5146484375,0.885,0.53,0.355,,,,,,,1.0
FGSM_ep3_none_,FGSM,3,none,0.9246,0.8458,4.910508155822754,0.5,0.0,0.5,0.0,0.5859375,0.17187499999996647,0.5286458333333334,0.92,0.665,0.255,,,,,,,
FGSM_ep3_output_perturbation_scale0.05,FGSM,3,output_perturbation,0.91845,0.8408,4.919124603271484,0.5,0.0,0.5,0.0,0.583984375,0.16796874999996714,0.5279947916666666,0.915,0.6675,0.24750000000000005,0.05,,,,,,
FGSM_ep3_output_perturbation_scale0.1,FGSM,3,output_perturbation,0.92495,0.844,4.917630195617676,0.5,0.0,0.5,0.0,0.5810546875,0.16210937499996836,0.5270182291666666,0.915,0.6475,0.26750000000000007,0.1,,,,,,
FGSM_ep3_output_perturbation_scale0.2,FGSM,3,output_perturbation,0.92575,0.8446,4.978253126144409,0.5,0.0,0.5,0.0,0.576171875,0.15234374999997025,0.525390625,0.92,0.6225,0.2975,0.2,,,,,,
FGSM_ep3_output_perturbation_scale0.3,FGSM,3,output_perturbation,0.9232,0.8434,4.918010234832764,0.5,0.0,0.5,0.0,0.5869140625,0.17382812499996603,0.5289713541666666,0.9125,0.64,0.27249999999999996,0.3,,,,,,
FGSM_ep3_output_perturbation_scale0.5,FGSM,3,output_perturbation,0.8942,0.8126,4.917730808258057,0.5,0.0,0.5,0.0,0.5771484375,0.1542968749999699,0.5257161458333334,0.8975,0.6575,0.24,0.5,,,,,,
FGSM_ep3_input_perturbation_sigma0.01,FGSM,3,input_perturbation,0.9204,0.8434,4.941091537475586,0.5,0.0,0.5,0.0,0.5830078125,0.16601562499996758,0.5276692708333334,0.915,0.665,0.25,,0.01,,,,,
FGSM_ep3_input_perturbation_sigma0.05,FGSM,3,input_perturbation,0.9145,0.8358,4.9822163581848145,0.5,0.0,0.5,0.0,0.57421875,0.14843749999997102,0.5247395833333334,0.915,0.7075,0.20750000000000002,,0.05,,,,,
FGSM_ep3_input_perturbation_sigma0.1,FGSM,3,input_perturbation,0.90265,0.8252,4.926057815551758,0.5,0.0,0.5,0.0,0.5703125,0.14062499999997258,0.5234375,0.895,0.71,0.18500000000000005,,0.1,,,,,
FGSM_ep3_input_perturbation_sigma0.2,FGSM,3,input_perturbation,0.7969,0.7394,4.918832540512085,0.5,0.0,0.5,0.0,0.505859375,0.01171874999999778,0.501953125,0.8,0.6,0.20000000000000007,,0.2,,,,,
FGSM_ep3_input_perturbation_sigma0.5,FGSM,3,input_perturbation,0.3134,0.3076,4.9151692390441895,0.5,0.0,0.5,0.0,0.470703125,-0.058593749999988565,0.490234375,0.31,0.2975,0.012500000000000011,,0.5,,,,,
FGSM_ep3_input_perturbation_sigma1.0,FGSM,3,input_perturbation,0.1363,0.1372,4.976128816604614,0.5,0.0,0.5,0.0,0.494140625,-0.011718749999997669,0.498046875,0.1075,0.1125,-0.0050000000000000044,,1.0,,,,,
FGSM_ep3_test_time_augmentation_num_augmentations1,FGSM,3,test_time_augmentation,0.8294,0.7986,4.92958927154541,0.5,0.0,0.5,0.0,0.5576171875,0.11523437499997746,0.5192057291666666,0.8625,0.6125,0.25,,,1.0,,,,
FGSM_ep3_test_time_augmentation_num_augmentations3,FGSM,3,test_time_augmentation,0.86665,0.7968,5.499154090881348,0.5,0.0,0.5,0.0,0.587890625,0.1757812499999657,0.529296875,0.89,0.7475,0.14249999999999996,,,3.0,,,,
FGSM_ep3_test_time_augmentation_num_augmentations5,FGSM,3,test_time_augmentation,0.86825,0.8032,6.08345627784729,0.5,0.0,0.5,0.0,0.583984375,0.16796874999996725,0.5279947916666666,0.8925,0.755,0.13749999999999996,,,5.0,,,,
FGSM_ep3_test_time_augmentation_num_augmentations7,FGSM,3,test_time_augmentation,0.87395,0.798,6.735334634780884,0.5,0.0,0.5,0.0,0.55859375,0.11718749999997713,0.51953125,0.8875,0.77,0.11749999999999994,,,7.0,,,,
FGSM_ep3_test_time_augmentation_num_augmentations10,FGSM,3,test_time_augmentation,0.87725,0.8016,7.536223888397217,0.5,0.0,0.5,0.0,0.5703125,0.14062499999997247,0.5234375,0.87,0.775,0.09499999999999997,,,10.0,,,,
FGSM_ep3_temperature_scaled_temp1.0,FGSM,3,temperature_scaled,0.92165,0.8442,4.91886568069458,0.5,0.0,0.5,0.0,0.5830078125,0.16601562499996747,0.5276692708333334,0.9175,0.6625,0.255,,,,1.0,,,
FGSM_ep3_temperature_scaled_temp1.5,FGSM,3,temperature_scaled,0.927,0.845,4.911813497543335,0.5,0.0,0.5,0.0,0.5400390625,0.08007812499998435,0.5133463541666666,0.925,0.64,0.28500000000000003,,,,1.5,,,
FGSM_ep3_temperature_scaled_temp2.0,FGSM,3,temperature_scaled,0.92855,0.8476,4.984856128692627,0.5,0.0,0.5,0.0,0.5009765625,0.0019531249999996184,0.5003255208333334,0.9275,0.625,0.3025,,,,2.0,,,
FGSM_ep3_temperature_scaled_temp3.0,FGSM,3,temperature_scaled,0.9279,0.8468,4.9066948890686035,0.5,0.0,0.5,0.0,0.5,0.0,0.5,0.9225,0.6275,0.29500000000000004,,,,3.0,,,
FGSM_ep3_temperature_scaled_temp5.0,FGSM,3,temperature_scaled,0.92505,0.8458,4.917767286300659,0.5,0.0,0.5,0.0,0.5,0.0,0.5,0.92,0.6625,0.25750000000000006,,,,5.0,,,
FGSM_ep3_temperature_scaled_temp10.0,FGSM,3,temperature_scaled,0.92195,0.8436,4.92221999168396,0.5,0.0,0.5,0.0,0.5,0.0,0.5,0.9175,0.66,0.25749999999999995,,,,10.0,,,
FGSM_ep3_response_limited_topk_top_k1,FGSM,3,response_limited_topk,0.92935,0.8472,4.981030464172363,0.5,0.0,0.5,0.0,0.5,0.0,0.5,0.925,0.6075,0.3175,,,,,1.0,,
FGSM_ep3_response_limited_topk_top_k2,FGSM,3,response_limited_topk,0.9291,0.8468,4.930380821228027,0.5,0.0,0.5,0.0,0.5,0.0,0.5,0.9275,0.605,0.3225,,,,,2.0,,
FGSM_ep3_response_limited_topk_top_k3,FGSM,3,response_limited_topk,0.9267,0.845,4.917645215988159,0.5,0.0,0.5,0.0,0.5419921875,0.08398437499998357,0.5139973958333334,0.9225,0.6425,0.28,,,,,3.0,,
FGSM_ep3_response_limited_topk_top_k4,FGSM,3,response_limited_topk,0.9247,0.8454,4.917525291442871,0.5,0.0,0.5,0.0,0.5712890625,0.14257812499997213,0.5237630208333334,0.92,0.6625,0.25750000000000006,,,,,4.0,,
FGSM_ep3_response_limited_topk_top_k5,FGSM,3,response_limited_topk,0.92365,0.8444,4.983709812164307,0.5,0.0,0.5,0.0,0.576171875,0.15234374999997025,0.525390625,0.9225,0.66,0.26249999999999996,,,,,5.0,,
FGSM_ep3_response_limited_hard_hard_labelTrue,FGSM,3,response_limited_hard,0.92695,0.846,4.921881675720215,0.5,0.0,0.5,0.0,0.5,0.0,0.5,0.925,0.6425,0.2825000000000001,,,,,,True,
FGSM_ep3_adaptive_noise_alpha0.1,FGSM,3,adaptive_noise,0.92015,0.8428,4.921470642089844,0.5,0.0,0.5,0.0,0.5830078125,0.16601562499996758,0.5276692708333334,0.92,0.66,0.26,,,,,,,0.1
FGSM_ep3_adaptive_noise_alpha0.3,FGSM,3,adaptive_noise,0.9199,0.8382,4.911741733551025,0.5,0.0,0.5,0.0,0.5810546875,0.16210937499996836,0.5270182291666666,0.9175,0.655,0.26249999999999996,,,,,,,0.3
FGSM_ep3_adaptive_noise_alpha0.5,FGSM,3,adaptive_noise,0.9224,0.8408,4.9983861446380615,0.5,0.0,0.5,0.0,0.5849609375,0.1699218749999668,0.5283203125,0.915,0.67,0.245,,,,,,,0.5
FGSM_ep3_adaptive_noise_alpha0.7,FGSM,3,adaptive_noise,0.9149,0.8376,4.918654918670654,0.5,0.0,0.5,0.0,0.56640625,0.13281249999997413,0.5221354166666666,0.9,0.6775,0.22250000000000003,,,,,,,0.7
FGSM_ep3_adaptive_noise_alpha1.0,FGSM,3,adaptive_noise,0.898,0.8228,4.914450645446777,0.5,0.0,0.5,0.0,0.5634765625,0.12695312499997513,0.5211588541666666,0.905,0.6975,0.20750000000000002,,,,,,,1.0
FGSM_ep5_none_,FGSM,5,none,0.93295,0.8478,7.750548839569092,0.5,0.0,0.5,0.0,0.568359375,0.13671874999997335,0.5227864583333334,0.92,0.7225,0.1975,,,,,,,
FGSM_ep5_output_perturbation_scale0.05,FGSM,5,output_perturbation,0.9386,0.8484,7.800582408905029,0.5,0.0,0.5,0.0,0.5615234375,0.12304687499997591,0.5205078125,0.9175,0.665,0.25249999999999995,0.05,,,,,,
FGSM_ep5_output_perturbation_scale0.1,FGSM,5,output_perturbation,0.93895,0.85,7.727560043334961,0.5,0.0,0.5,0.0,0.5556640625,0.11132812499997824,0.5185546875,0.9225,0.6625,0.26,0.1,,,,,,
FGSM_ep5_output_perturbation_scale0.2,FGSM,5,output_perturbation,0.9366,0.8458,7.758312702178955,0.5,0.0,0.5,0.0,0.5625,0.12499999999997558,0.5208333333333334,0.9225,0.635,0.2875,0.2,,,,,,
FGSM_ep5_output_perturbation_scale0.3,FGSM,5,output_perturbation,0.9305,0.8412,7.810122013092041,0.5,0.0,0.5,0.0,0.576171875,0.15234374999997025,0.525390625,0.9275,0.71,0.21750000000000003,0.3,,,,,,
FGSM_ep5_output_perturbation_scale0.5,FGSM,5,output_perturbation,0.926,0.8356,7.73888373374939,0.5,0.0,0.5,0.0,0.5634765625,0.12695312499997524,0.5211588541666666,0.905,0.695,0.21000000000000008,0.5,,,,,,
FGSM_ep5_input_perturbation_sigma0.01,FGSM,5,input_perturbation,0.93605,0.8486,7.746469736099243,0.5,0.0,0.5,0.0,0.5654296875,0.13085937499997446,0.5218098958333334,0.9175,0.695,0.22250000000000003,,0.01,,,,,
FGSM_ep5_input_perturbation_sigma0.05,FGSM,5,input_perturbation,0.93155,0.8442,7.81272292137146,0.5,0.0,0.5,0.0,0.5673828125,0.13476562499997358,0.5224609375,0.92,0.735,0.18500000000000005,,0.05,,,,,
FGSM_ep5_input_perturbation_sigma0.1,FGSM,5,input_perturbation,0.91955,0.8334,7.7538251876831055,0.5,0.0,0.5,0.0,0.5595703125,0.11914062499997669,0.5198567708333334,0.8975,0.715,0.1825,,0.1,,,,,
FGSM_ep5_input_perturbation_sigma0.2,FGSM,5,input_perturbation,0.82075,0.7464,7.813261985778809,0.5,0.0,0.5,0.0,0.5234375,0.046874999999990785,0.5078125,0.8125,0.685,0.12749999999999995,,0.2,,,,,
FGSM_ep5_input_perturbation_sigma0.5,FGSM,5,input_perturbation,0.32155,0.3158,7.75102972984314,0.5,0.0,0.5,0.0,0.51171875,0.023437499999995448,0.50390625,0.31,0.28,0.02999999999999997,,0.5,,,,,
FGSM_ep5_input_perturbation_sigma1.0,FGSM,5,input_perturbation,0.1249,0.1244,7.75603723526001,0.5,0.0,0.5,0.0,0.50390625,0.007812499999998446,0.5013020833333334,0.1025,0.1075,-0.0050000000000000044,,1.0,,,,,
FGSM_ep5_test_time_augmentation_num_augmentations1,FGSM,5,test_time_augmentation,0.8351,0.7758,7.8307530879974365,0.5,0.0,0.5,0.0,0.57421875,0.14843749999997102,0.5247395833333334,0.79,0.785,0.0050000000000000044,,,1.0,,,,
FGSM_ep5_test_time_augmentation_num_augmentations3,FGSM,5,test_time_augmentation,0.87335,0.8092,8.33600401878357,0.5,0.0,0.5,0.0,0.546875,0.09374999999998168,0.515625,0.87,0.79,0.07999999999999996,,,3.0,,,,
FGSM_ep5_test_time_augmentation_num_augmentations5,FGSM,5,test_time_augmentation,0.87165,0.7988,8.908628463745117,0.5,0.0,0.5,0.0,0.55859375,0.11718749999997713,0.51953125,0.8875,0.6975,0.18999999999999995,,,5.0,,,,
FGSM_ep5_test_time_augmentation_num_augmentations7,FGSM,5,test_time_augmentation,0.89165,0.8132,9.559445142745972,0.5,0.0,0.5,0.0,0.5771484375,0.1542968749999698,0.5257161458333334,0.87,0.755,0.11499999999999999,,,7.0,,,,
FGSM_ep5_test_time_augmentation_num_augmentations10,FGSM,5,test_time_augmentation,0.89355,0.8104,10.358180284500122,0.5,0.0,0.5,0.0,0.5771484375,0.1542968749999698,0.5257161458333334,0.8825,0.7325,0.1499999999999999,,,10.0,,,,
FGSM_ep5_temperature_scaled_temp1.0,FGSM,5,temperature_scaled,0.9348,0.8472,7.756199598312378,0.5,0.0,0.5,0.0,0.5693359375,0.1386718749999729,0.5231119791666666,0.9175,0.7075,0.20999999999999996,,,,1.0,,,
FGSM_ep5_temperature_scaled_temp1.5,FGSM,5,temperature_scaled,0.93205,0.8482,7.806157112121582,0.5,0.0,0.5,0.0,0.5615234375,0.12304687499997594,0.5205078125,0.92,0.7275,0.1925,,,,1.5,,,
FGSM_ep5_temperature_scaled_temp2.0,FGSM,5,temperature_scaled,0.933,0.8474,7.752959489822388,0.5,0.0,0.5,0.0,0.5029296875,0.005859374999998855,0.5009765625,0.92,0.725,0.19500000000000006,,,,2.0,,,
FGSM_ep5_temperature_scaled_temp3.0,FGSM,5,temperature_scaled,0.9373,0.8484,7.744687557220459,0.5,0.0,0.5,0.0,0.5,0.0,0.5,0.9175,0.69,0.22750000000000004,,,,3.0,,,
FGSM_ep5_temperature_scaled_temp5.0,FGSM,5,temperature_scaled,0.9346,0.8474,7.806800842285156,0.5,0.0,0.5,0.0,0.5,0.0,0.5,0.9225,0.7125,0.20999999999999996,,,,5.0,,,
FGSM_ep5_temperature_scaled_temp10.0,FGSM,5,temperature_scaled,0.92815,0.8464,7.747417211532593,0.5,0.0,0.5,0.0,0.5,0.0,0.5,0.9075,0.7525,0.15500000000000003,,,,10.0,,,
FGSM_ep5_response_limited_topk_top_k1,FGSM,5,response_limited_topk,0.933,0.8482,7.765397787094116,0.5,0.0,0.5,0.0,0.5,0.0,0.5,0.92,0.725,0.19500000000000006,,,,,1.0,,
FGSM_ep5_response_limited_topk_top_k2,FGSM,5,response_limited_topk,0.93885,0.8486,7.820685863494873,0.5,0.0,0.5,0.0,0.5,0.0,0.5,0.9225,0.665,0.25749999999999995,,,,,2.0,,
FGSM_ep5_response_limited_topk_top_k3,FGSM,5,response_limited_topk,0.93085,0.848,7.748513221740723,0.5,0.0,0.5,0.0,0.544921875,0.08984374999998246,0.5149739583333334,0.915,0.7375,0.1775,,,,,3.0,,
FGSM_ep5_response_limited_topk_top_k4,FGSM,5,response_limited_topk,0.93175,0.8482,7.754085540771484,0.5,0.0,0.5,0.0,0.5556640625,0.11132812499997824,0.5185546875,0.92,0.73,0.19000000000000006,,,,,4.0,,
FGSM_ep5_response_limited_topk_top_k5,FGSM,5,response_limited_topk,0.93805,0.8488,7.808104515075684,0.5,0.0,0.5,0.0,0.5517578125,0.10351562499997968,0.5172526041666666,0.9225,0.6875,0.235,,,,,5.0,,
FGSM_ep5_response_limited_hard_hard_labelTrue,FGSM,5,response_limited_hard,0.93895,0.8482,7.737213373184204,0.5,0.0,0.5,0.0,0.5,0.0,0.5,0.9275,0.67,0.25749999999999995,,,,,,True,
FGSM_ep5_adaptive_noise_alpha0.1,FGSM,5,adaptive_noise,0.93905,0.8476,7.749244689941406,0.5,0.0,0.5,0.0,0.5595703125,0.1191406249999768,0.5198567708333334,0.9225,0.6275,0.29500000000000004,,,,,,,0.1
FGSM_ep5_adaptive_noise_alpha0.3,FGSM,5,adaptive_noise,0.9281,0.8452,7.811767101287842,0.5,0.0,0.5,0.0,0.576171875,0.15234374999997025,0.525390625,0.92,0.765,0.15500000000000003,,,,,,,0.3
FGSM_ep5_adaptive_noise_alpha0.5,FGSM,5,adaptive_noise,0.93675,0.847,7.740739822387695,0.5,0.0,0.5,0.0,0.5546875,0.10937499999997857,0.5182291666666666,0.9275,0.6725,0.255,,,,,,,0.5
FGSM_ep5_adaptive_noise_alpha0.7,FGSM,5,adaptive_noise,0.92405,0.8414,7.8276526927948,0.5,0.0,0.5,0.0,0.5751953125,0.15039062499997058,0.5250651041666666,0.9125,0.74,0.1725,,,,,,,0.7
FGSM_ep5_adaptive_noise_alpha1.0,FGSM,5,adaptive_noise,0.9155,0.8356,7.747117519378662,0.5,0.0,0.5,0.0,0.5732421875,0.14648437499997136,0.5244140625,0.9,0.7625,0.13750000000000007,,,,,,,1.0
FGSM_ep7_none_,FGSM,7,none,0.9432,0.8434,10.577941417694092,0.5,0.0,0.5,0.0,0.546875,0.09374999999998168,0.515625,0.92,0.73,0.19000000000000006,,,,,,,
FGSM_ep7_output_perturbation_scale0.05,FGSM,7,output_perturbation,0.9385,0.837,10.627177476882935,0.5,0.0,0.5,0.0,0.5771484375,0.1542968749999699,0.5257161458333334,0.9225,0.77,0.15249999999999997,0.05,,,,,,
FGSM_ep7_output_perturbation_scale0.1,FGSM,7,output_perturbation,0.9383,0.8374,10.559109449386597,0.5,0.0,0.5,0.0,0.572265625,0.1445312499999717,0.5240885416666666,0.92,0.765,0.15500000000000003,0.1,,,,,,
FGSM_ep7_output_perturbation_scale0.2,FGSM,7,output_perturbation,0.93905,0.838,10.64583706855774,0.5,0.0,0.5,0.0,0.560546875,0.12109374999997635,0.5201822916666666,0.9125,0.7575,0.15500000000000003,0.2,,,,,,
FGSM_ep7_output_perturbation_scale0.3,FGSM,7,output_perturbation,0.9355,0.8368,10.573639869689941,0.5,0.0,0.5,0.0,0.5751953125,0.15039062499997058,0.5250651041666666,0.915,0.755,0.16000000000000003,0.3,,,,,,
FGSM_ep7_output_perturbation_scale0.5,FGSM,7,output_perturbation,0.93715,0.8356,10.646381139755249,0.5,0.0,0.5,0.0,0.5615234375,0.12304687499997591,0.5205078125,0.9075,0.6875,0.21999999999999997,0.5,,,,,,
FGSM_ep7_input_perturbation_sigma0.01,FGSM,7,input_perturbation,0.94265,0.8432,10.573915719985962,0.5,0.0,0.5,0.0,0.5419921875,0.08398437499998357,0.5139973958333334,0.92,0.7175,0.2025,,0.01,,,,,
FGSM_ep7_input_perturbation_sigma0.05,FGSM,7,input_perturbation,0.9385,0.8386,10.576542139053345,0.5,0.0,0.5,0.0,0.5634765625,0.12695312499997513,0.5211588541666666,0.915,0.7675,0.14750000000000008,,0.05,,,,,
FGSM_ep7_input_perturbation_sigma0.1,FGSM,7,input_perturbation,0.92465,0.826,10.664285898208618,0.5,0.0,0.5,0.0,0.5556640625,0.11132812499997824,0.5185546875,0.8975,0.76,0.13749999999999996,,0.1,,,,,
FGSM_ep7_input_perturbation_sigma0.2,FGSM,7,input_perturbation,0.8289,0.7476,10.580034494400024,0.5,0.0,0.5,0.0,0.533203125,0.06640624999998701,0.5110677083333334,0.8125,0.7125,0.09999999999999998,,0.2,,,,,
FGSM_ep7_input_perturbation_sigma0.5,FGSM,7,input_perturbation,0.34455,0.336,10.665266513824463,0.5,0.0,0.5,0.0,0.5283203125,0.0566406249999889,0.5094401041666666,0.3275,0.2825,0.04500000000000004,,0.5,,,,,
FGSM_ep7_input_perturbation_sigma1.0,FGSM,7,input_perturbation,0.11845,0.1178,10.574805974960327,0.5,0.0,0.5,0.0,0.4921875,-0.015624999999997002,0.4973958333333333,0.0975,0.095,0.0025000000000000022,,1.0,,,,,
FGSM_ep7_test_time_augmentation_num_augmentations1,FGSM,7,test_time_augmentation,0.8256,0.7544,10.642598152160645,0.5,0.0,0.5,0.0,0.55078125,0.10156249999998013,0.5169270833333334,0.77,0.575,0.19500000000000006,,,1.0,,,,
FGSM_ep7_test_time_augmentation_num_augmentations3,FGSM,7,test_time_augmentation,0.88235,0.8038,11.166409492492676,0.5,0.0,0.5,0.0,0.5576171875,0.11523437499997746,0.5192057291666666,0.855,0.785,0.06999999999999995,,,3.0,,,,
FGSM_ep7_test_time_augmentation_num_augmentations5,FGSM,7,test_time_augmentation,0.88215,0.8028,11.807472944259644,0.5,0.0,0.5,0.0,0.578125,0.15624999999996947,0.5260416666666666,0.875,0.76,0.11499999999999999,,,5.0,,,,
FGSM_ep7_test_time_augmentation_num_augmentations7,FGSM,7,test_time_augmentation,0.8909,0.8032,12.317052841186523,0.5,0.0,0.5,0.0,0.5712890625,0.14257812499997213,0.5237630208333334,0.87,0.7425,0.12749999999999995,,,7.0,,,,
FGSM_ep7_test_time_augmentation_num_augmentations10,FGSM,7,test_time_augmentation,0.90145,0.819,13.260505199432373,0.5,0.0,0.5,0.0,0.5732421875,0.14648437499997136,0.5244140625,0.875,0.7575,0.11750000000000005,,,10.0,,,,
FGSM_ep7_temperature_scaled_temp1.0,FGSM,7,temperature_scaled,0.942,0.839,10.567214965820312,0.5,0.0,0.5,0.0,0.5615234375,0.12304687499997591,0.5205078125,0.92,0.755,0.16500000000000004,,,,1.0,,,
FGSM_ep7_temperature_scaled_temp1.5,FGSM,7,temperature_scaled,0.94265,0.8404,10.571663618087769,0.5,0.0,0.5,0.0,0.6171875,0.23437499999995426,0.5390625,0.9175,0.74,0.1775,,,,1.5,,,
FGSM_ep7_temperature_scaled_temp2.0,FGSM,7,temperature_scaled,0.9407,0.8396,10.636576175689697,0.5,0.0,0.5,0.0,0.51171875,0.02343749999999542,0.50390625,0.925,0.765,0.16000000000000003,,,,2.0,,,
FGSM_ep7_temperature_scaled_temp3.0,FGSM,7,temperature_scaled,0.94075,0.838,10.569595575332642,0.5,0.0,0.5,0.0,0.5,0.0,0.5,0.92,0.76,0.16000000000000003,,,,3.0,,,
FGSM_ep7_temperature_scaled_temp5.0,FGSM,7,temperature_scaled,0.94015,0.8396,10.6382577419281,0.5,0.0,0.5,0.0,0.5,0.0,0.5,0.9225,0.7575,0.16500000000000004,,,,5.0,,,
FGSM_ep7_temperature_scaled_temp10.0,FGSM,7,temperature_scaled,0.94075,0.8392,10.581117868423462,0.5,0.0,0.5,0.0,0.5,0.0,0.5,0.92,0.76,0.16000000000000003,,,,10.0,,,
FGSM_ep7_response_limited_topk_top_k1,FGSM,7,response_limited_topk,0.941,0.8386,10.649983406066895,0.5,0.0,0.5,0.0,0.5,0.0,0.5,0.92,0.7625,0.15750000000000008,,,,,1.0,,
FGSM_ep7_response_limited_topk_top_k2,FGSM,7,response_limited_topk,0.943,0.8432,10.581243515014648,0.5009765625,0.0019531249999996184,0.5,0.0,0.5,0.0,0.5003255208333334,0.9175,0.665,0.25249999999999995,,,,,2.0,,
FGSM_ep7_response_limited_topk_top_k3,FGSM,7,response_limited_topk,0.94295,0.843,10.655160665512085,0.5,0.0,0.5,0.0,0.5146484375,0.029296874999994227,0.5048828125,0.9225,0.685,0.23749999999999993,,,,,3.0,,
FGSM_ep7_response_limited_topk_top_k4,FGSM,7,response_limited_topk,0.94275,0.8414,10.57750916481018,0.5,0.0,0.5,0.0,0.5390625,0.07812499999998479,0.5130208333333334,0.92,0.725,0.19500000000000006,,,,,4.0,,
FGSM_ep7_response_limited_topk_top_k5,FGSM,7,response_limited_topk,0.94315,0.842,10.647955894470215,0.5,0.0,0.5,0.0,0.541015625,0.0820312499999839,0.513671875,0.9225,0.715,0.20750000000000002,,,,,5.0,,
FGSM_ep7_response_limited_hard_hard_labelTrue,FGSM,7,response_limited_hard,0.94305,0.8422,10.582435369491577,0.5,0.0,0.5,0.0,0.5,0.0,0.5,0.9225,0.7075,0.21499999999999997,,,,,,True,
FGSM_ep7_adaptive_noise_alpha0.1,FGSM,7,adaptive_noise,0.9426,0.8434,10.583834886550903,0.5,0.0,0.5,0.0,0.5341796875,0.06835937499998657,0.5113932291666666,0.9225,0.64,0.2825,,,,,,,0.1
FGSM_ep7_adaptive_noise_alpha0.3,FGSM,7,adaptive_noise,0.9418,0.8424,10.643329381942749,0.5,0.0,0.5,0.0,0.5458984375,0.09179687499998201,0.5152994791666666,0.9175,0.6475,0.27,,,,,,,0.3
FGSM_ep7_adaptive_noise_alpha0.5,FGSM,7,adaptive_noise,0.94255,0.8422,10.592670440673828,0.5,0.0,0.5,0.0,0.544921875,0.08984374999998246,0.5149739583333334,0.92,0.655,0.265,,,,,,,0.5
FGSM_ep7_adaptive_noise_alpha0.7,FGSM,7,adaptive_noise,0.9392,0.8396,10.661912679672241,0.5,0.0,0.5,0.0,0.5634765625,0.12695312499997513,0.5211588541666666,0.9225,0.715,0.20750000000000002,,,,,,,0.7
FGSM_ep7_adaptive_noise_alpha1.0,FGSM,7,adaptive_noise,0.93265,0.8322,10.600015878677368,0.5,0.0,0.5009765625,0.0019531249999996184,0.5478515625,0.09570312499998135,0.5162760416666666,0.9175,0.725,0.1925,,,,,,,1.0
FGSM_ep10_none_,FGSM,10,none,0.94575,0.8356,14.884824991226196,0.5,0.0,0.5,0.0,0.548828125,0.0976562499999809,0.5162760416666666,0.9125,0.675,0.23749999999999993,,,,,,,
FGSM_ep10_output_perturbation_scale0.05,FGSM,10,output_perturbation,0.94745,0.8344,14.821420192718506,0.5,0.0,0.5,0.0,0.5517578125,0.10351562499997968,0.5172526041666666,0.9075,0.7275,0.17999999999999994,0.05,,,,,,
FGSM_ep10_output_perturbation_scale0.1,FGSM,10,output_perturbation,0.94595,0.8284,14.885846614837646,0.5,0.0,0.5,0.0,0.55078125,0.10156249999998013,0.5169270833333334,0.9125,0.7675,0.14500000000000002,0.1,,,,,,
FGSM_ep10_output_perturbation_scale0.2,FGSM,10,output_perturbation,0.94655,0.8306,14.894391059875488,0.5,0.0,0.5,0.0,0.5478515625,0.09570312499998124,0.5159505208333334,0.905,0.755,0.15000000000000002,0.2,,,,,,
FGSM_ep10_output_perturbation_scale0.3,FGSM,10,output_perturbation,0.9452,0.8354,14.832466840744019,0.5,0.0,0.5,0.0,0.5478515625,0.09570312499998135,0.5159505208333334,0.9075,0.7175,0.18999999999999995,0.3,,,,,,
FGSM_ep10_output_perturbation_scale0.5,FGSM,10,output_perturbation,0.93965,0.8226,14.88112759590149,0.5,0.0,0.5,0.0,0.5634765625,0.12695312499997524,0.5211588541666666,0.9025,0.7525,0.15000000000000002,0.5,,,,,,
FGSM_ep10_input_perturbation_sigma0.01,FGSM,10,input_perturbation,0.9447,0.8366,14.839876651763916,0.5,0.0,0.5,0.0,0.5498046875,0.09960937499998057,0.5166015625,0.91,0.66,0.25,,0.01,,,,,
FGSM_ep10_input_perturbation_sigma0.05,FGSM,10,input_perturbation,0.9433,0.824,14.907745838165283,0.5,0.0,0.5,0.0,0.552734375,0.10546874999997946,0.517578125,0.9125,0.775,0.13749999999999996,,0.05,,,,,
FGSM_ep10_input_perturbation_sigma0.1,FGSM,10,input_perturbation,0.93025,0.8218,14.900453805923462,0.5,0.0,0.5,0.0,0.548828125,0.0976562499999809,0.5162760416666666,0.89,0.77,0.12,,0.1,,,,,
FGSM_ep10_input_perturbation_sigma0.2,FGSM,10,input_perturbation,0.8381,0.7438,14.81726336479187,0.5,0.0,0.5,0.0,0.5341796875,0.06835937499998668,0.5113932291666666,0.8175,0.685,0.13249999999999995,,0.2,,,,,
FGSM_ep10_input_perturbation_sigma0.5,FGSM,10,input_perturbation,0.3666,0.3536,14.90271806716919,0.5,0.0,0.5,0.0,0.498046875,-0.003906249999999223,0.4993489583333333,0.3525,0.3075,0.044999999999999984,,0.5,,,,,
FGSM_ep10_input_perturbation_sigma1.0,FGSM,10,input_perturbation,0.11725,0.1178,14.89877200126648,0.5,0.0,0.5,0.0,0.4853515625,-0.029296874999994227,0.4951171875,0.1,0.1025,-0.0024999999999999883,,1.0,,,,,
FGSM_ep10_test_time_augmentation_num_augmentations1,FGSM,10,test_time_augmentation,0.8357,0.7628,14.83079218864441,0.5,0.0,0.5,0.0,0.5654296875,0.13085937499997435,0.5218098958333334,0.835,0.6475,0.1875,,,1.0,,,,
FGSM_ep10_test_time_augmentation_num_augmentations3,FGSM,10,test_time_augmentation,0.87555,0.79,15.468091249465942,0.5,0.0,0.5,0.0,0.556640625,0.1132812499999779,0.5188802083333334,0.885,0.71,0.17500000000000004,,,3.0,,,,
FGSM_ep10_test_time_augmentation_num_augmentations5,FGSM,10,test_time_augmentation,0.89225,0.7954,15.984123945236206,0.5,0.0,0.5,0.0,0.5634765625,0.12695312499997513,0.5211588541666666,0.885,0.77,0.11499999999999999,,,5.0,,,,
FGSM_ep10_test_time_augmentation_num_augmentations7,FGSM,10,test_time_augmentation,0.89925,0.8072,16.632381439208984,0.5,0.0,0.5,0.0,0.5751953125,0.15039062499997058,0.5250651041666666,0.86,0.7675,0.09250000000000003,,,7.0,,,,
FGSM_ep10_test_time_augmentation_num_augmentations10,FGSM,10,test_time_augmentation,0.8954,0.806,17.500012159347534,0.5,0.0,0.5,0.0,0.58203125,0.16406249999996791,0.52734375,0.88,0.77,0.10999999999999999,,,10.0,,,,
FGSM_ep10_temperature_scaled_temp1.0,FGSM,10,temperature_scaled,0.9475,0.8346,14.84142279624939,0.5,0.0,0.5,0.0,0.5498046875,0.09960937499998057,0.5166015625,0.9075,0.735,0.1725,,,,1.0,,,
FGSM_ep10_temperature_scaled_temp1.5,FGSM,10,temperature_scaled,0.94725,0.8304,14.884278535842896,0.5,0.0,0.5,0.0,0.6005859375,0.2011718749999607,0.5335286458333334,0.9125,0.765,0.14749999999999996,,,,1.5,,,
FGSM_ep10_temperature_scaled_temp2.0,FGSM,10,temperature_scaled,0.9462,0.8298,14.817618131637573,0.5,0.0,0.5,0.0,0.5166015625,0.03320312499999351,0.5055338541666666,0.915,0.7725,0.14250000000000007,,,,2.0,,,
FGSM_ep10_temperature_scaled_temp3.0,FGSM,10,temperature_scaled,0.94675,0.8304,14.86488962173462,0.5,0.0,0.5,0.0,0.5,0.0,0.5,0.9125,0.7775,0.135,,,,3.0,,,
FGSM_ep10_temperature_scaled_temp5.0,FGSM,10,temperature_scaled,0.94745,0.8318,14.902602910995483,0.5,0.0,0.5,0.0,0.5,0.0,0.5,0.905,0.7525,0.15250000000000008,,,,5.0,,,
FGSM_ep10_temperature_scaled_temp10.0,FGSM,10,temperature_scaled,0.94365,0.8382,14.796966075897217,0.5,0.0,0.5,0.0,0.5,0.0,0.5,0.905,0.65,0.255,,,,10.0,,,
FGSM_ep10_response_limited_topk_top_k1,FGSM,10,response_limited_topk,0.94535,0.8352,14.884841918945312,0.5,0.0,0.5,0.0,0.5,0.0,0.5,0.905,0.6575,0.24750000000000005,,,,,1.0,,
FGSM_ep10_response_limited_topk_top_k2,FGSM,10,response_limited_topk,0.9465,0.8298,14.82048487663269,0.5,0.0,0.5,0.0,0.5,0.0,0.5,0.9075,0.77,0.13749999999999996,,,,,2.0,,
FGSM_ep10_response_limited_topk_top_k3,FGSM,10,response_limited_topk,0.94675,0.828,14.87375521659851,0.5,0.0,0.5,0.0,0.521484375,0.04296874999999156,0.5071614583333334,0.91,0.77,0.14,,,,,3.0,,
FGSM_ep10_response_limited_topk_top_k4,FGSM,10,response_limited_topk,0.94735,0.8328,14.902462244033813,0.5,0.0,0.5,0.0,0.53515625,0.07031249999998634,0.51171875,0.905,0.7525,0.15250000000000008,,,,,4.0,,
FGSM_ep10_response_limited_topk_top_k5,FGSM,10,response_limited_topk,0.9465,0.8292,14.833451986312866,0.5,0.0,0.5,0.0,0.5419921875,0.08398437499998357,0.5139973958333334,0.9075,0.7675,0.14,,,,,5.0,,
FGSM_ep10_response_limited_hard_hard_labelTrue,FGSM,10,response_limited_hard,0.94665,0.8302,14.881737232208252,0.5,0.0,0.5,0.0,0.5,0.0,0.5,0.9075,0.7675,0.14,,,,,,True,
FGSM_ep10_adaptive_noise_alpha0.1,FGSM,10,adaptive_noise,0.9468,0.8306,14.91641116142273,0.5,0.0,0.5,0.0,0.5537109375,0.10742187499997902,0.5179036458333334,0.91,0.77,0.14,,,,,,,0.1
FGSM_ep10_adaptive_noise_alpha0.3,FGSM,10,adaptive_noise,0.94565,0.8356,14.835501432418823,0.5,0.0,0.5,0.0,0.544921875,0.08984374999998246,0.5149739583333334,0.9075,0.67,0.23749999999999993,,,,,,,0.3
FGSM_ep10_adaptive_noise_alpha0.5,FGSM,10,adaptive_noise,0.9453,0.8322,14.912006139755249,0.5,0.0,0.5,0.0,0.5595703125,0.1191406249999768,0.5198567708333334,0.9025,0.7475,0.15499999999999992,,,,,,,0.5
FGSM_ep10_adaptive_noise_alpha0.7,FGSM,10,adaptive_noise,0.94605,0.8294,14.843675136566162,0.5,0.0,0.5,0.0,0.5556640625,0.11132812499997824,0.5185546875,0.905,0.7125,0.1925,,,,,,,0.7
FGSM_ep10_adaptive_noise_alpha1.0,FGSM,10,adaptive_noise,0.94185,0.8332,14.893362283706665,0.5,0.0,0.5009765625,0.0019531249999996184,0.54296875,0.08593749999998324,0.5146484375,0.9125,0.7175,0.19499999999999995,,,,,,,1.0
